,email,digits,age,has_digit,has_underscore,has_period,username_length,domain_aol.com,domain_gmail.com,domain_hotmail.com,domain_icloud.com,domain_mail.com,domain_others,domain_outlook.com,domain_protonmail.com,domain_tutanota.com,domain_yahoo.com,first_name
0,Elody_OConner51@gmail.com,51,2,1,1,0,15,0,1,0,0,0,0,0,0,0,0,Elody
1,lily.long85@yahoo.com,85,1,1,0,1,11,0,0,0,0,0,0,0,0,0,1,lily
2,simon.ward@protonmail.com,0,0,0,0,1,10,0,0,0,0,0,0,0,1,0,0,simon
3,benjamin.phillips@hotmail.com,0,3,0,0,1,17,0,0,1,0,0,0,0,0,0,0,benjamin
4,robert.walker@aol.com,0,2,0,0,1,13,1,0,0,0,0,0,0,0,0,0,robert
5,samantha_turner1987@gmail.com,1987,1,1,1,0,19,0,1,0,0,0,0,0,0,0,0,samantha
6,matthew7843@icloud.com,7843,0,1,0,0,11,0,0,0,1,0,0,0,0,0,0,matthew7843
7,matthew.lewis@gmail.com,0,3,0,0,1,13,0,1,0,0,0,0,0,0,0,0,matthew
8,Jerrod_Considine79@yahoo.com,79,1,1,1,0,18,0,0,0,0,0,0,0,0,0,1,Jerrod
9,Beverly_Renner@outlook.com,0,3,0,1,0,14,0,0,0,0,0,0,1,0,0,0,Beverly
10,smith.kelly1996@aol.com,1996,0,1,0,1,15,1,0,0,0,0,0,0,0,0,0,smith
11,michael.kane1986@hotmail.com,1986,1,1,0,1,16,0,0,1,0,0,0,0,0,0,0,michael
12,Dock_King@yahoo.com,0,3,0,1,0,9,0,0,0,0,0,0,0,0,0,1,Dock
13,Elmo_Weissnat@mail.com,0,1,0,1,0,13,0,0,0,0,1,0,0,0,0,0,Elmo
14,Nils_Pacocha24@tutanota.com,24,0,1,1,0,14,0,0,0,0,0,0,0,0,1,0,Nils
15,claire_harris9987@outlook.com,9987,3,1,1,0,17,0,0,0,0,0,0,1,0,0,0,claire
16,peter.jackson@aol.com,0,2,0,0,1,13,1,0,0,0,0,0,0,0,0,0,peter
17,paul.baker@aol.com,0,2,0,0,1,10,1,0,0,0,0,0,0,0,0,0,paul
18,Maiya.Huel47@aol.com,47,2,1,0,1,12,1,0,0,0,0,0,0,0,0,0,Maiya
19,zoe1983_barnes@aol.com,1983,1,1,1,0,14,1,0,0,0,0,0,0,0,0,0,zoe1983
20,Jaclyn.Littel@aol.com,0,2,0,0,1,13,1,0,0,0,0,0,0,0,0,0,Jaclyn
21,mary.green@yahoo.com,0,3,0,0,1,10,0,0,0,0,0,0,0,0,0,1,mary
22,mandy.04@gmail.com,04,0,1,0,1,8,0,1,0,0,0,0,0,0,0,0,mandy
23,laura.foster@icloud.com,0,0,0,0,1,12,0,0,0,1,0,0,0,0,0,0,laura
24,jessica.evans04@gmail.com,04,0,1,0,1,15,0,1,0,0,0,0,0,0,0,0,jessica
25,nathan.james95@outlook.com,95,0,1,0,1,14,0,0,0,0,0,0,1,0,0,0,nathan
26,Raina.OHara70@outlook.com,70,2,1,0,1,13,0,0,0,0,0,0,1,0,0,0,Raina
27,luke_barnes2006@gmail.com,2006,0,1,1,0,15,0,1,0,0,0,0,0,0,0,0,luke
28,nathan.brooks@icloud.com,0,0,0,0,1,13,0,0,0,1,0,0,0,0,0,0,nathan
29,matthew.roberts@protonmail.com,0,0,0,0,1,15,0,0,0,0,0,0,0,1,0,0,matthew
30,susan.brown@gmail.com,0,3,0,0,1,11,0,1,0,0,0,0,0,0,0,0,susan
31,natalie9872_smith@yahoo.com,9872,3,1,1,0,17,0,0,0,0,0,0,0,0,0,1,natalie9872
32,peter.ward@gmail.com,0,3,0,0,1,10,0,1,0,0,0,0,0,0,0,0,peter
33,rebecca.thomas@hotmail.com,0,3,0,0,1,14,0,0,1,0,0,0,0,0,0,0,rebecca
34,amelia.simmons@yahoo.com,0,3,0,0,1,14,0,0,0,0,0,0,0,0,0,1,amelia
35,carter85_burn@hotmail.com,85,1,1,1,0,13,0,0,1,0,0,0,0,0,0,0,carter85
36,amanda78_flash@hotmail.com,78,1,1,1,0,14,0,0,1,0,0,0,0,0,0,0,amanda78
37,Ernie88@icloud.com,88,1,1,0,0,7,0,0,0,1,0,0,0,0,0,0,Ernie88
38,sophia.brown@hotmail.com,0,3,0,0,1,12,0,0,1,0,0,0,0,0,0,0,sophia
39,Kennedy.Schmidt59@gmail.com,59,2,1,0,1,17,0,1,0,0,0,0,0,0,0,0,Kennedy
40,james1980_clark@gmail.com,1980,1,1,1,0,15,0,1,0,0,0,0,0,0,0,0,james1980
41,Morris_Vandervort@gmail.com,0,3,0,1,0,17,0,1,0,0,0,0,0,0,0,0,Morris
42,Ayden28@yahoo.com,28,3,1,0,0,7,0,0,0,0,0,0,0,0,0,1,Ayden28
43,zoe_richards1995@gmail.com,1995,0,1,1,0,16,0,1,0,0,0,0,0,0,0,0,zoe
44,hailey1998_turner@gmail.com,1998,0,1,1,0,17,0,1,0,0,0,0,0,0,0,0,hailey1998
45,anna.harris@icloud.com,0,0,0,0,1,11,0,0,0,1,0,0,0,0,0,0,anna
46,david.roberts81@gmail.com,81,1,1,0,1,15,0,1,0,0,0,0,0,0,0,0,david
47,alice.evans@icloud.com,0,0,0,0,1,11,0,0,0,1,0,0,0,0,0,0,alice
48,Jose_Hayes62@mail.com,62,2,1,1,0,12,0,0,0,0,1,0,0,0,0,0,Jose
49,victoria_carter1984@yahoo.com,1984,1,1,1,0,19,0,0,0,0,0,0,0,0,0,1,victoria
50,robert.mitchell@gmail.com,0,3,0,0,1,15,0,1,0,0,0,0,0,0,0,0,robert
51,eliza.brooks1702@gmail.com,1702,3,1,0,1,16,0,1,0,0,0,0,0,0,0,0,eliza
52,emily.wood1696@gmail.com,1696,3,1,0,1,14,0,1,0,0,0,0,0,0,0,0,emily
53,alexis43_flare@gmail.com,43,3,1,1,0,14,0,1,0,0,0,0,0,0,0,0,alexis43
54,Roel37@yahoo.com,37,3,1,0,0,6,0,0,0,0,0,0,0,0,0,1,Roel37
55,david66_glow@hotmail.com,66,2,1,1,0,12,0,0,1,0,0,0,0,0,0,0,david66
56,madeline1986_ross@aol.com,1986,1,1,1,0,17,1,0,0,0,0,0,0,0,0,0,madeline1986
57,samantha1996_green@icloud.com,1996,0,1,1,0,18,0,0,0,1,0,0,0,0,0,0,samantha1996
58,madison1991_bell@outlook.com,1991,1,1,1,0,16,0,0,0,0,0,0,1,0,0,0,madison1991
59,john.morris@gmail.com,0,3,0,0,1,11,0,1,0,0,0,0,0,0,0,0,john
60,Clement.Stamm37@gmail.com,37,3,1,0,1,15,0,1,0,0,0,0,0,0,0,0,Clement
61,emma.johnson1999@outlook.com,1999,0,1,0,1,16,0,0,0,0,0,0,1,0,0,0,emma
62,Alanna.Bode-Altenwerth66@yahoo.com,66,2,1,0,1,24,0,0,0,0,0,0,0,0,0,1,Alanna
63,rebecca.scott@outlook.com,0,3,0,0,1,13,0,0,0,0,0,0,1,0,0,0,rebecca
64,Chanelle71@outlook.com,71,2,1,0,0,10,0,0,0,0,0,0,1,0,0,0,Chanelle71
65,martha@wright@yahoo.com,0,3,0,0,0,6,0,0,0,0,0,0,0,0,0,1,martha
66,logan_turner1998@outlook.com,1998,0,1,1,0,16,0,0,0,0,0,0,1,0,0,0,logan
67,emily.smith06@outlook.com,06,0,1,0,1,13,0,0,0,0,0,0,1,0,0,0,emily
68,kevin_2003thompson@gmail.com,2003,0,1,1,0,18,0,1,0,0,0,0,0,0,0,0,kevin
69,mark.smith2004@gmail.com,2004,0,1,0,1,14,0,1,0,0,0,0,0,0,0,0,mark
70,Kameron21@mail.com,21,1,1,0,0,9,0,0,0,0,1,0,0,0,0,0,Kameron21
71,thomas.hall@gmail.com,0,3,0,0,1,11,0,1,0,0,0,0,0,0,0,0,thomas
72,logan.turner98@outlook.com,98,0,1,0,1,14,0,0,0,0,0,0,1,0,0,0,logan
73,Joana.Zboncak@icloud.com,0,0,0,0,1,13,0,0,0,1,0,0,0,0,0,0,Joana
74,rachel.perez45@icloud.com,45,0,1,0,1,14,0,0,0,1,0,0,0,0,0,0,rachel
75,Giovanni_Tremblay60@aol.com,60,2,1,1,0,19,1,0,0,0,0,0,0,0,0,0,Giovanni
76,megan.wilson21@hotmail.com,21,3,1,0,1,14,0,0,1,0,0,0,0,0,0,0,megan
77,rebecca.bryant@protonmail.com,0,0,0,0,1,14,0,0,0,0,0,0,0,1,0,0,rebecca
78,Neal.McGlynn@gmail.com,0,3,0,0,1,12,0,1,0,0,0,0,0,0,0,0,Neal
79,rachel11_flare@icloud.com,11,0,1,1,0,14,0,0,0,1,0,0,0,0,0,0,rachel11
80,david.roberts81@gmail.com,81,1,1,0,1,15,0,1,0,0,0,0,0,0,0,0,david
81,Mekhi60@icloud.com,60,2,1,0,0,7,0,0,0,1,0,0,0,0,0,0,Mekhi60
82,Evan93@yahoo.com,93,1,1,0,0,6,0,0,0,0,0,0,0,0,0,1,Evan93
83,rachel.bailey1723@gmail.com,1723,3,1,0,1,17,0,1,0,0,0,0,0,0,0,0,rachel
84,hannah_8764hill@icloud.com,8764,0,1,1,0,15,0,0,0,1,0,0,0,0,0,0,hannah
85,sophia.jones03@gmail.com,03,0,1,0,1,14,0,1,0,0,0,0,0,0,0,0,sophia
86,elizabeth.roberts@hotmail.com,0,3,0,0,1,17,0,0,1,0,0,0,0,0,0,0,elizabeth
87,Susan13@tutanota.com,13,0,1,0,0,7,0,0,0,0,0,0,0,0,1,0,Susan13
88,sarah.carter@yahoo.com,0,3,0,0,1,12,0,0,0,0,0,0,0,0,0,1,sarah
89,madeline.ross05@aol.com,05,0,1,0,1,15,1,0,0,0,0,0,0,0,0,0,madeline
90,victoria_james2005@gmail.com,2005,0,1,1,0,18,0,1,0,0,0,0,0,0,0,0,victoria
91,Jaclyn_Cole@gmail.com,0,3,0,1,0,11,0,1,0,0,0,0,0,0,0,0,Jaclyn
92,Shawn.Rowe58@tutanota.com,58,2,1,0,1,12,0,0,0,0,0,0,0,0,1,0,Shawn
93,logan_wright2003@gmail.com,2003,0,1,1,0,16,0,1,0,0,0,0,0,0,0,0,logan
94,thomas.jones@hotmail.com,0,3,0,0,1,12,0,0,1,0,0,0,0,0,0,0,thomas
95,emma76_flash@gmail.com,76,1,1,1,0,12,0,1,0,0,0,0,0,0,0,0,emma76
96,nathan_martin2003@gmail.com,2003,0,1,1,0,17,0,1,0,0,0,0,0,0,0,0,nathan
97,Adaline.Mills@gmail.com,0,3,0,0,1,13,0,1,0,0,0,0,0,0,0,0,Adaline
98,Zoie73@outlook.com,73,2,1,0,0,6,0,0,0,0,0,0,1,0,0,0,Zoie73
99,jacob_green2005@yahoo.com,2005,0,1,1,0,15,0,0,0,0,0,0,0,0,0,1,jacob
100,sophia.adams@yahoo.com,0,3,0,0,1,12,0,0,0,0,0,0,0,0,0,1,sophia
101,samuel.morgan@gmail.com,0,3,0,0,1,13,0,1,0,0,0,0,0,0,0,0,samuel
102,matthew.adams@protonmail.com,0,0,0,0,1,13,0,0,0,0,0,0,0,1,0,0,matthew
103,Zita.Herman35@outlook.com,35,3,1,0,1,13,0,0,0,0,0,0,1,0,0,0,Zita
104,Darrel_Roberts15@protonmail.com,15,0,1,1,0,16,0,0,0,0,0,0,0,1,0,0,Darrel
105,Nathen.Boehm@protonmail.com,0,0,0,0,1,12,0,0,0,0,0,0,0,1,0,0,Nathen
106,lily.thompson57@aol.com,57,2,1,0,1,15,1,0,0,0,0,0,0,0,0,0,lily
107,noah5563@yahoo.com,5563,3,1,0,0,8,0,0,0,0,0,0,0,0,0,1,noah5563
108,adam.henderson32@gmail.com,32,3,1,0,1,16,0,1,0,0,0,0,0,0,0,0,adam
109,andrew36_burn@hotmail.com,36,3,1,1,0,13,0,0,1,0,0,0,0,0,0,0,andrew36
110,Jayden48@mail.com,48,1,1,0,0,8,0,0,0,0,1,0,0,0,0,0,Jayden48
111,Patrick.Johnston@aol.com,0,2,0,0,1,16,1,0,0,0,0,0,0,0,0,0,Patrick
112,Julien_Mayert51@aol.com,51,2,1,1,0,15,1,0,0,0,0,0,0,0,0,0,Julien
113,matthew.baker@hotmail.com,0,3,0,0,1,13,0,0,1,0,0,0,0,0,0,0,matthew
114,Sofia64@mail.com,64,2,1,0,0,7,0,0,0,0,1,0,0,0,0,0,Sofia64
115,Meredith_Hansen@gmail.com,0,3,0,1,0,15,0,1,0,0,0,0,0,0,0,0,Meredith
116,2003_samuel_white@organization.org,2003,0,1,1,0,17,0,0,0,0,0,1,0,0,0,0,2003
117,amanda.king99@hotmail.com,99,0,1,0,1,13,0,0,1,0,0,0,0,0,0,0,amanda
118,Nora_Turcotte@icloud.com,0,0,0,1,0,13,0,0,0,1,0,0,0,0,0,0,Nora
119,Hailee_Kuhic58@aol.com,58,2,1,1,0,14,1,0,0,0,0,0,0,0,0,0,Hailee
120,daniel.taylor88@outlook.com,88,1,1,0,1,15,0,0,0,0,0,0,1,0,0,0,daniel
121,Melody.OReilly32@tutanota.com,32,0,1,0,1,16,0,0,0,0,0,0,0,0,1,0,Melody
122,paul.baker@aol.com,0,2,0,0,1,10,1,0,0,0,0,0,0,0,0,0,paul
123,Frank_Herzog@tutanota.com,0,0,0,1,0,12,0,0,0,0,0,0,0,0,1,0,Frank
124,michael_93.johnson@college.edu,93,1,1,1,1,18,0,0,0,0,0,1,0,0,0,0,michael
125,james21_shine@gmail.com,21,3,1,1,0,13,0,1,0,0,0,0,0,0,0,0,james21
126,madeline.ross05@aol.com,05,0,1,0,1,15,1,0,0,0,0,0,0,0,0,0,madeline
127,Pansy17@protonmail.com,17,0,1,0,0,7,0,0,0,0,0,0,0,1,0,0,Pansy17
128,amanda_williams12356@icloud.com,12356,0,1,1,0,20,0,0,0,1,0,0,0,0,0,0,amanda
129,stephen.morris@yahoo.com,0,3,0,0,1,14,0,0,0,0,0,0,0,0,0,1,stephen
130,david.clark@protonmail.com,0,0,0,0,1,11,0,0,0,0,0,0,0,1,0,0,david
131,caleb.phillips67@icloud.com,67,2,1,0,1,16,0,0,0,1,0,0,0,0,0,0,caleb
132,1987_rachel.s@gmail.com,1987,1,1,1,1,13,0,1,0,0,0,0,0,0,0,0,1987
133,margaret.anderson1782@gmail.com,1782,3,1,0,1,21,0,1,0,0,0,0,0,0,0,0,margaret
134,matthew.lewis@gmail.com,0,3,0,0,1,13,0,1,0,0,0,0,0,0,0,0,matthew
135,Carlie.Conroy@aol.com,0,2,0,0,1,13,1,0,0,0,0,0,0,0,0,0,Carlie
136,claire81_flicker@yahoo.com,81,1,1,1,0,16,0,0,0,0,0,0,0,0,0,1,claire81
137,joshua.bell00@gmail.com,00,0,1,0,1,13,0,1,0,0,0,0,0,0,0,0,joshua
138,mason.watson04@hotmail.com,04,0,1,0,1,14,0,0,1,0,0,0,0,0,0,0,mason
139,victoria_kelly2003@protonmail.com,2003,0,1,1,0,18,0,0,0,0,0,0,0,1,0,0,victoria
140,jason.barnes90@gmail.com,90,1,1,0,1,14,0,1,0,0,0,0,0,0,0,0,jason
141,simon.peters@hotmail.com,0,3,0,0,1,12,0,0,1,0,0,0,0,0,0,0,simon
142,martha.young1792@gmail.com,1792,3,1,0,1,16,0,1,0,0,0,0,0,0,0,0,martha
143,Nikolas54@outlook.com,54,2,1,0,0,9,0,0,0,0,0,0,1,0,0,0,Nikolas54
144,caleb78_bright@icloud.com,78,1,1,1,0,14,0,0,0,1,0,0,0,0,0,0,caleb78
145,james_jones10000@gmail.com,10000,3,1,1,0,16,0,1,0,0,0,0,0,0,0,0,james
146,Carroll_Armstrong92@mail.com,92,1,1,1,0,19,0,0,0,0,1,0,0,0,0,0,Carroll
147,Annabelle.Schaden-Jakubowski82@icloud.com,82,1,1,0,1,30,0,0,0,1,0,0,0,0,0,0,Annabelle
148,mary.james@icloud.com,0,0,0,0,1,10,0,0,0,1,0,0,0,0,0,0,mary
149,megan_wilson4321@hotmail.com,4321,3,1,1,0,16,0,0,1,0,0,0,0,0,0,0,megan
150,emily_clark.91@mail.service.com,91,1,1,1,1,14,0,0,0,0,0,1,0,0,0,0,emily
151,Kaleigh72@mail.com,72,2,1,0,0,9,0,0,0,0,1,0,0,0,0,0,Kaleigh72
152,Jed_Gutmann-Heidenreich18@protonmail.com,18,0,1,1,0,25,0,0,0,0,0,0,0,1,0,0,Jed
153,james.jones00@gmail.com,00,0,1,0,1,13,0,1,0,0,0,0,0,0,0,0,james
154,tyler_hayes1986@gmail.com,1986,1,1,1,0,15,0,1,0,0,0,0,0,0,0,0,tyler
155,thomas.hall@gmail.com,0,3,0,0,1,11,0,1,0,0,0,0,0,0,0,0,thomas
156,Claudia.Osinski-Pollich46@gmail.com,46,3,1,0,1,25,0,1,0,0,0,0,0,0,0,0,Claudia
157,john.smith@gmail.com,0,3,0,0,1,10,0,1,0,0,0,0,0,0,0,0,john
158,andrew.james64@hotmail.com,64,2,1,0,1,14,0,0,1,0,0,0,0,0,0,0,andrew
159,logan_1095johnson@outlook.com,1095,3,1,1,0,17,0,0,0,0,0,0,1,0,0,0,logan
160,Rhea.Gislason63@mail.com,63,2,1,0,1,15,0,0,0,0,1,0,0,0,0,0,Rhea
161,Gerson.Feest71@gmail.com,71,2,1,0,1,14,0,1,0,0,0,0,0,0,0,0,Gerson
162,carter.james99@hotmail.com,99,0,1,0,1,14,0,0,1,0,0,0,0,0,0,0,carter
163,Cali_Zieme24@aol.com,24,2,1,1,0,12,1,0,0,0,0,0,0,0,0,0,Cali
164,joseph.adams@gmail.com,0,3,0,0,1,12,0,1,0,0,0,0,0,0,0,0,joseph
165,lily_thompson5678@aol.com,5678,2,1,1,0,17,1,0,0,0,0,0,0,0,0,0,lily
166,Julianne_Larkin39@yahoo.com,39,3,1,1,0,17,0,0,0,0,0,0,0,0,0,1,Julianne
167,daniel_clark@icloud.com,0,0,0,1,0,12,0,0,0,1,0,0,0,0,0,0,daniel
168,stephanie.2002clark@gmail.com,2002,0,1,0,1,19,0,1,0,0,0,0,0,0,0,0,stephanie
169,laura.baker45@icloud.com,45,0,1,0,1,13,0,0,0,1,0,0,0,0,0,0,laura
170,robert23_spark@protonmail.com,23,0,1,1,0,14,0,0,0,0,0,0,0,1,0,0,robert23
171,Jewell.Stark@aol.com,0,2,0,0,1,12,1,0,0,0,0,0,0,0,0,0,Jewell
172,Shyann_Herzog14@aol.com,14,2,1,1,0,15,1,0,0,0,0,0,0,0,0,0,Shyann
173,megan_patel1994@gmail.com,1994,0,1,1,0,15,0,1,0,0,0,0,0,0,0,0,megan
174,ethan_bell1988@gmail.com,1988,1,1,1,0,14,0,1,0,0,0,0,0,0,0,0,ethan
175,ryan_watson2001@hotmail.com,2001,0,1,1,0,15,0,0,1,0,0,0,0,0,0,0,ryan
176,christopher89_bell@sub.company.com,89,1,1,1,0,18,0,0,0,0,0,1,0,0,0,0,christopher89
177,Shaniya11@gmail.com,11,3,1,0,0,9,0,1,0,0,0,0,0,0,0,0,Shaniya11
178,Aurore29@tutanota.com,29,0,1,0,0,8,0,0,0,0,0,0,0,0,1,0,Aurore29
179,matthew.hill1802@gmail.com,1802,3,1,0,1,16,0,1,0,0,0,0,0,0,0,0,matthew
180,Jordi_Aufderhar56@gmail.com,56,2,1,1,0,17,0,1,0,0,0,0,0,0,0,0,Jordi
181,caleb.phillips67@icloud.com,67,2,1,0,1,16,0,0,0,1,0,0,0,0,0,0,caleb
182,tyler.hayes86@gmail.com,86,1,1,0,1,13,0,1,0,0,0,0,0,0,0,0,tyler
183,Cayla82@tutanota.com,82,1,1,0,0,7,0,0,0,0,0,0,0,0,1,0,Cayla82
184,zoe_bryant43219@aol.com,43219,2,1,1,0,15,1,0,0,0,0,0,0,0,0,0,zoe
185,Heaven8@yahoo.com,8,3,1,0,0,7,0,0,0,0,0,0,0,0,0,1,Heaven8
186,Tyler_Walter@gmail.com,0,3,0,1,0,12,0,1,0,0,0,0,0,0,0,0,Tyler
187,ryan.watson01@hotmail.com,01,0,1,0,1,13,0,0,1,0,0,0,0,0,0,0,ryan
188,david_2000@aol.com,2000,0,1,1,0,10,1,0,0,0,0,0,0,0,0,0,david
189,margaret.harris@outlook.com,0,3,0,0,1,15,0,0,0,0,0,0,1,0,0,0,margaret
190,Johnpaul.Robel68@tutanota.com,68,2,1,0,1,16,0,0,0,0,0,0,0,0,1,0,Johnpaul
191,alice_3890.brown@company.co.uk,3890,3,1,1,1,16,0,0,0,0,0,1,0,0,0,0,alice
192,hailey_price1239@protonmail.com,1239,0,1,1,0,16,0,0,0,0,0,0,0,1,0,0,hailey
193,rachel_evans2006@gmail.com,2006,0,1,1,0,16,0,1,0,0,0,0,0,0,0,0,rachel
194,chris_lee8769@hotmail.com,8769,3,1,1,0,13,0,0,1,0,0,0,0,0,0,0,chris
195,Napoleon_Braun@protonmail.com,0,0,0,1,0,14,0,0,0,0,0,0,0,1,0,0,Napoleon
196,olivia24_flash@gmail.com,24,3,1,1,0,14,0,1,0,0,0,0,0,0,0,0,olivia24
197,michael.wilson@aol.com,0,2,0,0,1,14,1,0,0,0,0,0,0,0,0,0,michael
198,mary.bryant@outlook.com,0,3,0,0,1,11,0,0,0,0,0,0,1,0,0,0,mary
199,Dangelo.Gorczany30@aol.com,30,2,1,0,1,18,1,0,0,0,0,0,0,0,0,0,Dangelo
200,Gianni72@outlook.com,72,2,1,0,0,8,0,0,0,0,0,0,1,0,0,0,Gianni72
201,henry.thomas1693@gmail.com,1693,3,1,0,1,16,0,1,0,0,0,0,0,0,0,0,henry
202,lucy.green1749@gmail.com,1749,3,1,0,1,14,0,1,0,0,0,0,0,0,0,0,lucy
203,david.thomas@gmail.com,0,3,0,0,1,12,0,1,0,0,0,0,0,0,0,0,david
204,anna.hall87@yahoo.com,87,1,1,0,1,11,0,0,0,0,0,0,0,0,0,1,anna
205,Dejuan_Herzog47@icloud.com,47,0,1,1,0,15,0,0,0,1,0,0,0,0,0,0,Dejuan
206,olivia.smith999@yahoo.com,999,3,1,0,1,15,0,0,0,0,0,0,0,0,0,1,olivia
207,Alanna.Connelly84@outlook.com,84,1,1,0,1,17,0,0,0,0,0,0,1,0,0,0,Alanna
208,Queenie55@gmail.com,55,2,1,0,0,9,0,1,0,0,0,0,0,0,0,0,Queenie55
209,mary.miller@gmail.com,0,3,0,0,1,11,0,1,0,0,0,0,0,0,0,0,mary
210,hailey.sanders67@gmail.com,67,2,1,0,1,16,0,1,0,0,0,0,0,0,0,0,hailey
211,joshua_carter1980@gmail.com,1980,1,1,1,0,17,0,1,0,0,0,0,0,0,0,0,joshua
212,james.walker@outlook.com,0,3,0,0,1,12,0,0,0,0,0,0,1,0,0,0,james
213,Cassandra_Flatley54@gmail.com,54,2,1,1,0,19,0,1,0,0,0,0,0,0,0,0,Cassandra
214,william.green@aol.com,0,2,0,0,1,13,1,0,0,0,0,0,0,0,0,0,william
215,sarah.miller@protonmail.com,0,0,0,0,1,12,0,0,0,0,0,0,0,1,0,0,sarah
216,nathan.brooks@icloud.com,0,0,0,0,1,13,0,0,0,1,0,0,0,0,0,0,nathan
217,Delphine8@tutanota.com,8,0,1,0,0,9,0,0,0,0,0,0,0,0,1,0,Delphine8
218,Adela_Mertz@mail.com,0,1,0,1,0,11,0,0,0,0,1,0,0,0,0,0,Adela
219,alexis.cooper92@gmail.com,92,1,1,0,1,15,0,1,0,0,0,0,0,0,0,0,alexis
220,jason_brown1985@gmail.com,1985,1,1,1,0,15,0,1,0,0,0,0,0,0,0,0,jason
221,daniel.phillips@hotmail.com,0,3,0,0,1,15,0,0,1,0,0,0,0,0,0,0,daniel
222,amelia.simmons@yahoo.com,0,3,0,0,1,14,0,0,0,0,0,0,0,0,0,1,amelia
223,Jonatan.Kassulke@gmail.com,0,3,0,0,1,16,0,1,0,0,0,0,0,0,0,0,Jonatan
224,ben_4561doe@gmail.com,4561,3,1,1,0,11,0,1,0,0,0,0,0,0,0,0,ben
225,jason.barnes90@gmail.com,90,1,1,0,1,14,0,1,0,0,0,0,0,0,0,0,jason
226,laura1990_davis@gmail.com,1990,1,1,1,0,15,0,1,0,0,0,0,0,0,0,0,laura1990
227,Oleta44@protonmail.com,44,0,1,0,0,7,0,0,0,0,0,0,0,1,0,0,Oleta44
228,olivia2003_clark@hotmail.com,2003,0,1,1,0,16,0,0,1,0,0,0,0,0,0,0,olivia2003
229,anna1999@outlook.com,1999,0,1,0,0,8,0,0,0,0,0,0,1,0,0,0,anna1999
230,rachel.perez45@icloud.com,45,0,1,0,1,14,0,0,0,1,0,0,0,0,0,0,rachel
231,Juston81@outlook.com,81,1,1,0,0,8,0,0,0,0,0,0,1,0,0,0,Juston81
232,Percy92@protonmail.com,92,1,1,0,0,7,0,0,0,0,0,0,0,1,0,0,Percy92
233,Markus.Goldner41@gmail.com,41,3,1,0,1,16,0,1,0,0,0,0,0,0,0,0,Markus
234,daniel_scott1980@outlook.com,1980,1,1,1,0,16,0,0,0,0,0,0,1,0,0,0,daniel
235,Adelle_Rolfson24@gmail.com,24,3,1,1,0,16,0,1,0,0,0,0,0,0,0,0,Adelle
236,daniel.wood@outlook.com,0,3,0,0,1,11,0,0,0,0,0,0,1,0,0,0,daniel
237,catherine.allen@icloud.com,0,0,0,0,1,15,0,0,0,1,0,0,0,0,0,0,catherine
238,Janae99@gmail.com,99,0,1,0,0,7,0,1,0,0,0,0,0,0,0,0,Janae99
239,edward.walker1756@gmail.com,1756,3,1,0,1,17,0,1,0,0,0,0,0,0,0,0,edward
240,laura88_smith@yahoo.com,88,1,1,1,0,13,0,0,0,0,0,0,0,0,0,1,laura88
241,susan.green@yahoo.com,0,3,0,0,1,11,0,0,0,0,0,0,0,0,0,1,susan
242,Gerson_Larson99@gmail.com,99,0,1,1,0,15,0,1,0,0,0,0,0,0,0,0,Gerson
243,Marianna_Pfeffer@gmail.com,0,3,0,1,0,16,0,1,0,0,0,0,0,0,0,0,Marianna
244,Zackery_Rippin91@gmail.com,91,1,1,1,0,16,0,1,0,0,0,0,0,0,0,0,Zackery
245,Moshe_Hilpert@tutanota.com,0,0,0,1,0,13,0,0,0,0,0,0,0,0,1,0,Moshe
246,eliza.jackson@hotmail.com,0,3,0,0,1,13,0,0,1,0,0,0,0,0,0,0,eliza
247,abigail_cook1992@gmail.com,1992,1,1,1,0,16,0,1,0,0,0,0,0,0,0,0,abigail
248,john.doe1990@sub.domain.com,1990,1,1,0,1,12,0,0,0,0,0,1,0,0,0,0,john
249,robert_white1990@gmail.com,1990,1,1,1,0,16,0,1,0,0,0,0,0,0,0,0,robert
250,anna@harris@icloud.com,0,0,0,0,0,4,0,0,0,1,0,0,0,0,0,0,anna
251,sophia87_blaze@outlook.com,87,1,1,1,0,14,0,0,0,0,0,0,1,0,0,0,sophia87
252,hannah.bryant@aol.com,0,2,0,0,1,13,1,0,0,0,0,0,0,0,0,0,hannah
253,kevin57_flame@outlook.com,57,2,1,1,0,13,0,0,0,0,0,0,1,0,0,0,kevin57
254,sophia.jones03@gmail.com,03,0,1,0,1,14,0,1,0,0,0,0,0,0,0,0,sophia
255,hailey88_flame@protonmail.com,88,1,1,1,0,14,0,0,0,0,0,0,0,1,0,0,hailey88
256,Julien80@tutanota.com,80,1,1,0,0,8,0,0,0,0,0,0,0,0,1,0,Julien80
257,Gretchen.Nikolaus33@gmail.com,33,3,1,0,1,19,0,1,0,0,0,0,0,0,0,0,Gretchen
258,samuel.morgan@gmail.com,0,3,0,0,1,13,0,1,0,0,0,0,0,0,0,0,samuel
259,emily_smith2006@outlook.com,2006,0,1,1,0,15,0,0,0,0,0,0,1,0,0,0,emily
260,Olaf_Marks64@gmail.com,64,2,1,1,0,12,0,1,0,0,0,0,0,0,0,0,Olaf
261,peter.jackson@aol.com,0,2,0,0,1,13,1,0,0,0,0,0,0,0,0,0,peter
262,simon.ward@protonmail.com,0,0,0,0,1,10,0,0,0,0,0,0,0,1,0,0,simon
263,Buck.Mohr@gmail.com,0,3,0,0,1,9,0,1,0,0,0,0,0,0,0,0,Buck
264,Carolina.Zieme66@aol.com,66,2,1,0,1,16,1,0,0,0,0,0,0,0,0,0,Carolina
265,daniel1998_scott@outlook.com,1998,0,1,1,0,16,0,0,0,0,0,0,1,0,0,0,daniel1998
266,zoe7548_anderson@protonmail.com,7548,0,1,1,0,16,0,0,0,0,0,0,0,1,0,0,zoe7548
267,daniel.scott80@outlook.com,80,1,1,0,1,14,0,0,0,0,0,0,1,0,0,0,daniel
268,Frances.Zulauf@gmail.com,0,3,0,0,1,14,0,1,0,0,0,0,0,0,0,0,Frances
269,Percy92@protonmail.com,92,1,1,0,0,7,0,0,0,0,0,0,0,1,0,0,Percy92
270,hannah.james1741@gmail.com,1741,3,1,0,1,16,0,1,0,0,0,0,0,0,0,0,hannah
271,chloe872_flare@gmail.com,872,3,1,1,0,14,0,1,0,0,0,0,0,0,0,0,chloe872
272,susan.young@gmail.com,0,3,0,0,1,11,0,1,0,0,0,0,0,0,0,0,susan
273,dylan1990_richards@gmail.com,1990,1,1,1,0,18,0,1,0,0,0,0,0,0,0,0,dylan1990
274,andrew1994_turner@hotmail.com,1994,0,1,1,0,17,0,0,1,0,0,0,0,0,0,0,andrew1994
275,elijah_6230@gmail.com,6230,3,1,1,0,11,0,1,0,0,0,0,0,0,0,0,elijah
276,mason_watson2004@hotmail.com,2004,0,1,1,0,16,0,0,1,0,0,0,0,0,0,0,mason
277,Bertha.Vandervort54@outlook.com,54,2,1,0,1,19,0,0,0,0,0,0,1,0,0,0,Bertha
278,daniel_king1998@gmail.com,1998,0,1,1,0,15,0,1,0,0,0,0,0,0,0,0,daniel
279,Kamryn59@icloud.com,59,2,1,0,0,8,0,0,0,1,0,0,0,0,0,0,Kamryn59
280,Maud.Satterfield@gmail.com,0,3,0,0,1,16,0,1,0,0,0,0,0,0,0,0,Maud
281,emma.walker@icloud.com,0,0,0,0,1,11,0,0,0,1,0,0,0,0,0,0,emma
282,mary.jones@outlook.com,0,3,0,0,1,10,0,0,0,0,0,0,1,0,0,0,mary
283,nancy.baker@outlook.com,0,3,0,0,1,11,0,0,0,0,0,0,1,0,0,0,nancy
284,daniel_taylor1988@outlook.com,1988,1,1,1,0,17,0,0,0,0,0,0,1,0,0,0,daniel
285,Nestor.Hahn52@gmail.com,52,2,1,0,1,13,0,1,0,0,0,0,0,0,0,0,Nestor
286,sophia.brown1684@gmail.com,1684,3,1,0,1,16,0,1,0,0,0,0,0,0,0,0,sophia
287,Joel32@outlook.com,32,3,1,0,0,6,0,0,0,0,0,0,1,0,0,0,Joel32
288,Domenic_Hudson95@gmail.com,95,0,1,1,0,16,0,1,0,0,0,0,0,0,0,0,Domenic
289,david2097@hotmail.com,2097,3,1,0,0,9,0,0,1,0,0,0,0,0,0,0,david2097
290,Lamont37@gmail.com,37,3,1,0,0,8,0,1,0,0,0,0,0,0,0,0,Lamont37
291,ethan.white02@protonmail.com,02,0,1,0,1,13,0,0,0,0,0,0,0,1,0,0,ethan
292,Cheyanne.Rippin@aol.com,0,2,0,0,1,15,1,0,0,0,0,0,0,0,0,0,Cheyanne
293,Darrel_Roberts15@protonmail.com,15,0,1,1,0,16,0,0,0,0,0,0,0,1,0,0,Darrel
294,henry.jackson@@yahoo.com,0,3,0,0,1,13,0,0,0,0,0,0,0,0,0,1,henry
295,edward.king@protonmail.com,0,0,0,0,1,11,0,0,0,0,0,0,0,1,0,0,edward
296,nathan.martin04@gmail.com,04,0,1,0,1,15,0,1,0,0,0,0,0,0,0,0,nathan
297,daniel.wood@outlook.com,0,3,0,0,1,11,0,0,0,0,0,0,1,0,0,0,daniel
298,Sunny_Nader@yahoo.com,0,3,0,1,0,11,0,0,0,0,0,0,0,0,0,1,Sunny
299,Erling_Runolfsdottir@outlook.com,0,3,0,1,0,20,0,0,0,0,0,0,1,0,0,0,Erling
300,adam2004_henderson@gmail.com,2004,0,1,1,0,18,0,1,0,0,0,0,0,0,0,0,adam2004
301,alice.bell@hotmail.com,0,3,0,0,1,10,0,0,1,0,0,0,0,0,0,0,alice
302,ethan_hughes1001@protonmail.com,1001,0,1,1,0,16,0,0,0,0,0,0,0,1,0,0,ethan
303,lily3456@protonmail.com,3456,0,1,0,0,8,0,0,0,0,0,0,0,1,0,0,lily3456
304,Reggie_Greenholt34@gmail.com,34,3,1,1,0,18,0,1,0,0,0,0,0,0,0,0,Reggie
305,laura.james@gmail.com,0,3,0,0,1,11,0,1,0,0,0,0,0,0,0,0,laura
306,lucy.adams@protonmail.com,0,0,0,0,1,10,0,0,0,0,0,0,0,1,0,0,lucy
307,Blanche44@outlook.com,44,3,1,0,0,9,0,0,0,0,0,0,1,0,0,0,Blanche44
308,eliza.thomas@outlook.com,0,3,0,0,1,12,0,0,0,0,0,0,1,0,0,0,eliza
309,Linnie78@mail.com,78,1,1,0,0,8,0,0,0,0,1,0,0,0,0,0,Linnie78
310,john_smith@yahoo.com,0,3,0,1,0,10,0,0,0,0,0,0,0,0,0,1,john
311,joseph.green@hotmail.com,0,3,0,0,1,12,0,0,1,0,0,0,0,0,0,0,joseph
312,david.young@icloud.com,0,0,0,0,1,11,0,0,0,1,0,0,0,0,0,0,david
313,adam.henderson32@gmail.com,32,3,1,0,1,16,0,1,0,0,0,0,0,0,0,0,adam
314,Carolanne33@aol.com,33,2,1,0,0,11,1,0,0,0,0,0,0,0,0,0,Carolanne33
315,ethan_9931@gmail.com,9931,3,1,1,0,10,0,1,0,0,0,0,0,0,0,0,ethan
316,Monserrat_Kautzer@gmail.com,0,3,0,1,0,17,0,1,0,0,0,0,0,0,0,0,Monserrat
317,james.clark@yahoo.com,0,3,0,0,1,11,0,0,0,0,0,0,0,0,0,1,james
318,Lysanne.Cormier@aol.com,0,2,0,0,1,15,1,0,0,0,0,0,0,0,0,0,Lysanne
319,simon.murphy1687@gmail.com,1687,3,1,0,1,16,0,1,0,0,0,0,0,0,0,0,simon
320,Selmer35@aol.com,35,2,1,0,0,8,1,0,0,0,0,0,0,0,0,0,Selmer35
321,Evalyn.Lehner0@yahoo.com,0,3,1,0,1,14,0,0,0,0,0,0,0,0,0,1,Evalyn
322,zoe.bryant19@aol.com,19,2,1,0,1,12,1,0,0,0,0,0,0,0,0,0,zoe
323,Marta_Sanford93@tutanota.com,93,1,1,1,0,15,0,0,0,0,0,0,0,0,1,0,Marta
324,jason99_lee@gmail.com,99,0,1,1,0,11,0,1,0,0,0,0,0,0,0,0,jason99
325,patrick.morgan@hotmail.com,0,3,0,0,1,14,0,0,1,0,0,0,0,0,0,0,patrick
326,lily64_gleam@yahoo.com,64,2,1,1,0,12,0,0,0,0,0,0,0,0,0,1,lily64
327,Catalina_Grady5@tutanota.com,5,0,1,1,0,15,0,0,0,0,0,0,0,0,1,0,Catalina
328,william@johnson@outlook.com,0,3,0,0,0,7,0,0,0,0,0,0,1,0,0,0,william
329,Jeramie_Denesik98@yahoo.com,98,0,1,1,0,17,0,0,0,0,0,0,0,0,0,1,Jeramie
330,Jaiden60@gmail.com,60,2,1,0,0,8,0,1,0,0,0,0,0,0,0,0,Jaiden60
331,Marilyne.Crist@mail.com,0,1,0,0,1,14,0,0,0,0,1,0,0,0,0,0,Marilyne
332,james.wright@gmail.com,0,3,0,0,1,12,0,1,0,0,0,0,0,0,0,0,james
333,nathan31_flare@aol.com,31,2,1,1,0,14,1,0,0,0,0,0,0,0,0,0,nathan31
334,Rachelle.Hane97@mail.com,97,0,1,0,1,15,0,0,0,0,1,0,0,0,0,0,Rachelle
335,Reba_Robel62@mail.com,62,2,1,1,0,12,0,0,0,0,1,0,0,0,0,0,Reba
336,emily.smith06@outlook.com,06,0,1,0,1,13,0,0,0,0,0,0,1,0,0,0,emily
337,Stephania.Fisher91@gmail.com,91,1,1,0,1,18,0,1,0,0,0,0,0,0,0,0,Stephania
338,Stanton.Turcotte@aol.com,0,2,0,0,1,16,1,0,0,0,0,0,0,0,0,0,Stanton
339,lucy.brown@yahoo.com,0,3,0,0,1,10,0,0,0,0,0,0,0,0,0,1,lucy
340,Kasandra_Mayert56@aol.com,56,2,1,1,0,17,1,0,0,0,0,0,0,0,0,0,Kasandra
341,Amira4@yahoo.com,4,3,1,0,0,6,0,0,0,0,0,0,0,0,0,1,Amira4
342,sarah.wright1717@gmail.com,1717,3,1,0,1,16,0,1,0,0,0,0,0,0,0,0,sarah
343,catherine.davis@hotmail.com,0,3,0,0,1,15,0,0,1,0,0,0,0,0,0,0,catherine
344,jacob.green05@yahoo.com,05,0,1,0,1,13,0,0,0,0,0,0,0,0,0,1,jacob
345,Connie_Haley@gmail.com,0,3,0,1,0,12,0,1,0,0,0,0,0,0,0,0,Connie
346,Asia_Stark26@protonmail.com,26,0,1,1,0,12,0,0,0,0,0,0,0,1,0,0,Asia
347,Camille36@aol.com,36,2,1,0,0,9,1,0,0,0,0,0,0,0,0,0,Camille36
348,paul.cook@icloud.com,0,0,0,0,1,9,0,0,0,1,0,0,0,0,0,0,paul
349,catherine.davis@gmail.com,0,3,0,0,1,15,0,1,0,0,0,0,0,0,0,0,catherine
350,Jammie.Hartmann50@icloud.com,50,2,1,0,1,17,0,0,0,1,0,0,0,0,0,0,Jammie
351,ethan1995_white@yahoo.com,1995,0,1,1,0,15,0,0,0,0,0,0,0,0,0,1,ethan1995
352,Florida14@gmail.com,14,3,1,0,0,9,0,1,0,0,0,0,0,0,0,0,Florida14
353,Wiley75@aol.com,75,1,1,0,0,7,1,0,0,0,0,0,0,0,0,0,Wiley75
354,Saige.Conroy-Raynor62@gmail.com,62,2,1,0,1,21,0,1,0,0,0,0,0,0,0,0,Saige
355,Winona89@outlook.com,89,1,1,0,0,8,0,0,0,0,0,0,1,0,0,0,Winona89
356,olivia.brown2001@yahoo.com,2001,0,1,0,1,16,0,0,0,0,0,0,0,0,0,1,olivia
357,Cecilia_Gottlieb@yahoo.com,0,3,0,1,0,16,0,0,0,0,0,0,0,0,0,1,Cecilia
358,eliza.howard@gmail.com,0,3,0,0,1,12,0,1,0,0,0,0,0,0,0,0,eliza
359,Quincy_Mayert@aol.com,0,2,0,1,0,13,1,0,0,0,0,0,0,0,0,0,Quincy
360,victoria.carter84@yahoo.com,84,1,1,0,1,17,0,0,0,0,0,0,0,0,0,1,victoria
361,Santina_Stark68@protonmail.com,68,2,1,1,0,15,0,0,0,0,0,0,0,1,0,0,Santina
362,hannah.thomas@outlook.com,0,3,0,0,1,13,0,0,0,0,0,0,1,0,0,0,hannah
363,sophia_scott1999@gmail.com,1999,0,1,1,0,16,0,1,0,0,0,0,0,0,0,0,sophia
364,nancy.bryant1797@gmail.com,1797,3,1,0,1,16,0,1,0,0,0,0,0,0,0,0,nancy
365,william.johnson@outlook.com,0,3,0,0,1,15,0,0,0,0,0,0,1,0,0,0,william
366,Freddie_Marvin@gmail.com,0,3,0,1,0,14,0,1,0,0,0,0,0,0,0,0,Freddie
367,Douglas74@gmail.com,74,1,1,0,0,9,0,1,0,0,0,0,0,0,0,0,Douglas74
368,Julio_Jaskolski@tutanota.com,0,0,0,1,0,15,0,0,0,0,0,0,0,0,1,0,Julio
369,emma.clark76@icloud.com,76,1,1,0,1,12,0,0,0,1,0,0,0,0,0,0,emma
370,Eva35@protonmail.com,35,0,1,0,0,5,0,0,0,0,0,0,0,1,0,0,Eva35
371,amanda.king99@hotmail.com,99,0,1,0,1,13,0,0,1,0,0,0,0,0,0,0,amanda
372,Meredith_Stracke7@aol.com,7,2,1,1,0,17,1,0,0,0,0,0,0,0,0,0,Meredith
373,george.taylor1811@gmail.com,1811,3,1,0,1,17,0,1,0,0,0,0,0,0,0,0,george
374,Anais_Hoppe15@mail.com,15,1,1,1,0,13,0,0,0,0,1,0,0,0,0,0,Anais
375,Hertha_VonRueden@aol.com,0,2,0,1,0,16,1,0,0,0,0,0,0,0,0,0,Hertha
376,carter1988_james@hotmail.com,1988,1,1,1,0,16,0,0,1,0,0,0,0,0,0,0,carter1988
377,sarah.green89@icloud.com,89,1,1,0,1,13,0,0,0,1,0,0,0,0,0,0,sarah
378,Oran_Zemlak39@gmail.com,39,3,1,1,0,13,0,1,0,0,0,0,0,0,0,0,Oran
379,logan_brooks87612@gmail.com,87612,3,1,1,0,17,0,1,0,0,0,0,0,0,0,0,logan
380,jessica_walker1993@gmail.com,1993,1,1,1,0,18,0,1,0,0,0,0,0,0,0,0,jessica
381,amanda.williams56@icloud.com,56,2,1,0,1,17,0,0,0,1,0,0,0,0,0,0,amanda
382,Charity6@protonmail.com,6,0,1,0,0,8,0,0,0,0,0,0,0,1,0,0,Charity6
383,Kiarra_Hand60@mail.com,60,2,1,1,0,13,0,0,0,0,1,0,0,0,0,0,Kiarra
384,mark_1995johnson@outlook.com,1995,0,1,1,0,16,0,0,0,0,0,0,1,0,0,0,mark
385,elizabeth.thomas@outlook.com,0,3,0,0,1,16,0,0,0,0,0,0,1,0,0,0,elizabeth
386,james.jones@yahoo.com,0,3,0,0,1,11,0,0,0,0,0,0,0,0,0,1,james
387,3356_johnson.jane@gmail.com,3356,3,1,1,1,17,0,1,0,0,0,0,0,0,0,0,3356
388,daniel2001_martin@icloud.com,2001,0,1,1,0,17,0,0,0,1,0,0,0,0,0,0,daniel2001
389,emma.king@icloud.com,0,0,0,0,1,9,0,0,0,1,0,0,0,0,0,0,emma
390,Demario_Fisher47@mail.com,47,1,1,1,0,16,0,0,0,0,1,0,0,0,0,0,Demario
391,rebecca.moore@icloud.com,0,0,0,0,1,13,0,0,0,1,0,0,0,0,0,0,rebecca
392,Aglae64@protonmail.com,64,2,1,0,0,7,0,0,0,0,0,0,0,1,0,0,Aglae64
393,stephen.morris@yahoo.com,0,3,0,0,1,14,0,0,0,0,0,0,0,0,0,1,stephen
394,Etha_Simonis@gmail.com,0,3,0,1,0,12,0,1,0,0,0,0,0,0,0,0,Etha
395,logan.brooks12@gmail.com,12,3,1,0,1,14,0,1,0,0,0,0,0,0,0,0,logan
396,Heber_Brakus50@tutanota.com,50,2,1,1,0,14,0,0,0,0,0,0,0,0,1,0,Heber
397,mary.cook@outlook.com,0,3,0,0,1,9,0,0,0,0,0,0,1,0,0,0,mary
398,lily.green2000@hotmail.com,2000,0,1,0,1,14,0,0,1,0,0,0,0,0,0,0,lily
399,sam.kelly7765@aol.com,7765,2,1,0,1,13,1,0,0,0,0,0,0,0,0,0,sam
400,dylan49_shine@gmail.com,49,3,1,1,0,13,0,1,0,0,0,0,0,0,0,0,dylan49
401,Birdie_Kuvalis89@outlook.com,89,1,1,1,0,16,0,0,0,0,0,0,1,0,0,0,Birdie
402,mason.watson04@hotmail.com,04,0,1,0,1,14,0,0,1,0,0,0,0,0,0,0,mason
403,hailey.price39@protonmail.com,39,0,1,0,1,14,0,0,0,0,0,0,0,1,0,0,hailey
404,sophia.brown@hotmail.com,0,3,0,0,1,12,0,0,1,0,0,0,0,0,0,0,sophia
405,2001_johnson.jane@gmail.com,2001,0,1,1,1,17,0,1,0,0,0,0,0,0,0,0,2001
406,Blanche.Predovic@yahoo.com,0,3,0,0,1,16,0,0,0,0,0,0,0,0,0,1,Blanche
407,Loyal_Kuhic@gmail.com,0,3,0,1,0,11,0,1,0,0,0,0,0,0,0,0,Loyal
408,jane_doe1989@gmail.com,1989,1,1,1,0,12,0,1,0,0,0,0,0,0,0,0,jane
409,kevin.sanders89@gmail.com,89,1,1,0,1,15,0,1,0,0,0,0,0,0,0,0,kevin
410,rachel5551_b@outlook.com,5551,3,1,1,0,12,0,0,0,0,0,0,1,0,0,0,rachel5551
411,henry.wright@protonmail.com,0,0,0,0,1,12,0,0,0,0,0,0,0,1,0,0,henry
412,michael.cook@hotmail.com,0,3,0,0,1,12,0,0,1,0,0,0,0,0,0,0,michael
413,Estelle80@yahoo.com,80,1,1,0,0,9,0,0,0,0,0,0,0,0,0,1,Estelle80
414,laura.walker@protonmail.com,0,0,0,0,1,12,0,0,0,0,0,0,0,1,0,0,laura
415,emma_clark1234@icloud.com,1234,0,1,1,0,14,0,0,0,1,0,0,0,0,0,0,emma
416,mason_hayes2000@gmail.com,2000,0,1,1,0,15,0,1,0,0,0,0,0,0,0,0,mason
417,joshua1981_ward@gmail.com,1981,1,1,1,0,15,0,1,0,0,0,0,0,0,0,0,joshua1981
418,dorothy.gray@protonmail.com,0,0,0,0,1,12,0,0,0,0,0,0,0,1,0,0,dorothy
419,Macey29@gmail.com,29,3,1,0,0,7,0,1,0,0,0,0,0,0,0,0,Macey29
420,Faye_Carter81@icloud.com,81,1,1,1,0,13,0,0,0,1,0,0,0,0,0,0,Faye
421,Maxime.Brown93@mail.com,93,1,1,0,1,14,0,0,0,0,1,0,0,0,0,0,Maxime
422,nathan_roberts1991@gmail.com,1991,1,1,1,0,18,0,1,0,0,0,0,0,0,0,0,nathan
423,laura_taylor1995@gmail.com,1995,0,1,1,0,16,0,1,0,0,0,0,0,0,0,0,laura
424,chris_harris2002@gmail.com,2002,0,1,1,0,16,0,1,0,0,0,0,0,0,0,0,chris
425,kevin_sanders1989@gmail.com,1989,1,1,1,0,17,0,1,0,0,0,0,0,0,0,0,kevin
426,Gerry.Fisher@protonmail.com,0,0,0,0,1,12,0,0,0,0,0,0,0,1,0,0,Gerry
427,aiden_miller8974@gmail.com,8974,3,1,1,0,16,0,1,0,0,0,0,0,0,0,0,aiden
428,daniel97_flare@outlook.com,97,0,1,1,0,14,0,0,0,0,0,0,1,0,0,0,daniel97
429,katherine.hill@outlook.com,0,3,0,0,1,14,0,0,0,0,0,0,1,0,0,0,katherine
430,william.miller@icloud.com,0,0,0,0,1,14,0,0,0,1,0,0,0,0,0,0,william
431,Gregorio.Gusikowski@gmail.com,0,3,0,0,1,19,0,1,0,0,0,0,0,0,0,0,Gregorio
432,David.Brakus7@mail.com,7,1,1,0,1,13,0,0,0,0,1,0,0,0,0,0,David
433,andrew_baker1996@gmail.com,1996,0,1,1,0,16,0,1,0,0,0,0,0,0,0,0,andrew
434,Kurtis.Towne@yahoo.com,0,3,0,0,1,12,0,0,0,0,0,0,0,0,0,1,Kurtis
435,Pietro2@mail.com,2,1,1,0,0,7,0,0,0,0,1,0,0,0,0,0,Pietro2
436,madeline_ross2005@aol.com,2005,0,1,1,0,17,1,0,0,0,0,0,0,0,0,0,madeline
437,david.mitchell@gmail.com,0,3,0,0,1,14,0,1,0,0,0,0,0,0,0,0,david
438,Oral.Lind28@gmail.com,28,3,1,0,1,11,0,1,0,0,0,0,0,0,0,0,Oral
439,alex97@gmail.com,97,0,1,0,0,6,0,1,0,0,0,0,0,0,0,0,alex97
440,Ima56@aol.com,56,2,1,0,0,5,1,0,0,0,0,0,0,0,0,0,Ima56
441,john.jones@hotmail.com,0,3,0,0,1,10,0,0,1,0,0,0,0,0,0,0,john
442,robert.turner54@protonmail.com,54,2,1,0,1,15,0,0,0,0,0,0,0,1,0,0,robert
443,rebecca.evans@protonmail.com,0,0,0,0,1,13,0,0,0,0,0,0,0,1,0,0,rebecca
444,Joanne.Hickle91@mail.com,91,1,1,0,1,15,0,0,0,0,1,0,0,0,0,0,Joanne
445,arthur99_archi@gmail.com,99,0,1,1,0,14,0,1,0,0,0,0,0,0,0,0,arthur99
446,Elisha.Grant93@protonmail.com,93,1,1,0,1,14,0,0,0,0,0,0,0,1,0,0,Elisha
447,adam_henderson5432@gmail.com,5432,3,1,1,0,18,0,1,0,0,0,0,0,0,0,0,adam
448,Murray_Waters@protonmail.com,0,0,0,1,0,13,0,0,0,0,0,0,0,1,0,0,Murray
449,robert2002_harris@protonmail.com,2002,0,1,1,0,17,0,0,0,0,0,0,0,1,0,0,robert2002
450,jason1985_davis@yahoo.com,1985,1,1,1,0,15,0,0,0,0,0,0,0,0,0,1,jason1985
451,isaac.bell@outlook.com,0,3,0,0,1,10,0,0,0,0,0,0,1,0,0,0,isaac
452,Bonnie5@gmail.com,5,3,1,0,0,7,0,1,0,0,0,0,0,0,0,0,Bonnie5
453,george.thomas@hotmail.com,0,3,0,0,1,13,0,0,1,0,0,0,0,0,0,0,george
454,alice.carter1653@gmail.com,1653,3,1,0,1,16,0,1,0,0,0,0,0,0,0,0,alice
455,catherine.allen@icloud.com,0,0,0,0,1,15,0,0,0,1,0,0,0,0,0,0,catherine
456,sarah_smith2001@gmail.com,2001,0,1,1,0,15,0,1,0,0,0,0,0,0,0,0,sarah
457,amanda_ward1999@gmail.com,1999,0,1,1,0,15,0,1,0,0,0,0,0,0,0,0,amanda
458,mark_sanders1999@gmail.com,1999,0,1,1,0,16,0,1,0,0,0,0,0,0,0,0,mark
459,Emmet_Moen37@aol.com,37,2,1,1,0,12,1,0,0,0,0,0,0,0,0,0,Emmet
460,Rod.Ferry@mail.com,0,1,0,0,1,9,0,0,0,0,1,0,0,0,0,0,Rod
461,eliza.miller@outlook.com,0,3,0,0,1,12,0,0,0,0,0,0,1,0,0,0,eliza
462,kevin1988_morris@outlook.com,1988,1,1,1,0,16,0,0,0,0,0,0,1,0,0,0,kevin1988
463,claire1984_hall@yahoo.com,1984,1,1,1,0,15,0,0,0,0,0,0,0,0,0,1,claire1984
464,rachel.murphy@aol.com,0,2,0,0,1,13,1,0,0,0,0,0,0,0,0,0,rachel
465,Genevieve_Sawayn-Kunde79@gmail.com,79,1,1,1,0,24,0,1,0,0,0,0,0,0,0,0,Genevieve
466,patrick.morgan@hotmail.com,0,3,0,0,1,14,0,0,1,0,0,0,0,0,0,0,patrick
467,sophia1999_adams@outlook.com,1999,0,1,1,0,16,0,0,0,0,0,0,1,0,0,0,sophia1999
468,matthew.davis01@hotmail.com,01,0,1,0,1,15,0,0,1,0,0,0,0,0,0,0,matthew
469,Rey.Weber44@gmail.com,44,3,1,0,1,11,0,1,0,0,0,0,0,0,0,0,Rey
470,jessica45_blaze@gmail.com,45,3,1,1,0,15,0,1,0,0,0,0,0,0,0,0,jessica45
471,Aron42@mail.com,42,1,1,0,0,6,0,0,0,0,1,0,0,0,0,0,Aron42
472,jacob.green05@yahoo.com,05,0,1,0,1,13,0,0,0,0,0,0,0,0,0,1,jacob
473,Reva79@gmail.com,79,1,1,0,0,6,0,1,0,0,0,0,0,0,0,0,Reva79
474,olivia23_fire@hotmail.com,23,3,1,1,0,13,0,0,1,0,0,0,0,0,0,0,olivia23
475,9087_steve.s@gmail.com,9087,3,1,1,1,12,0,1,0,0,0,0,0,0,0,0,9087
476,Faye.Rowe25@protonmail.com,25,0,1,0,1,11,0,0,0,0,0,0,0,1,0,0,Faye
477,Freddy.Green@aol.com,0,2,0,0,1,12,1,0,0,0,0,0,0,0,0,0,Freddy
478,Paula_Rogahn56@tutanota.com,56,2,1,1,0,14,0,0,0,0,0,0,0,0,1,0,Paula
479,Hosea59@yahoo.com,59,2,1,0,0,7,0,0,0,0,0,0,0,0,0,1,Hosea59
480,Myrtle.Hermiston60@yahoo.com,60,2,1,0,1,18,0,0,0,0,0,0,0,0,0,1,Myrtle
481,emma1987_taylor@gmail.com,1987,1,1,1,0,15,0,1,0,0,0,0,0,0,0,0,emma1987
482,Elta37@protonmail.com,37,0,1,0,0,6,0,0,0,0,0,0,0,1,0,0,Elta37
483,Beth_Johnston94@gmail.com,94,0,1,1,0,15,0,1,0,0,0,0,0,0,0,0,Beth
484,rachel2006_wright@icloud.com,2006,0,1,1,0,17,0,0,0,1,0,0,0,0,0,0,rachel2006
485,abigail1987_powell@yahoo.com,1987,1,1,1,0,18,0,0,0,0,0,0,0,0,0,1,abigail1987
486,Evie_Beier@protonmail.com,0,0,0,1,0,10,0,0,0,0,0,0,0,1,0,0,Evie
487,carter.james99@hotmail.com,99,0,1,0,1,14,0,0,1,0,0,0,0,0,0,0,carter
488,sarah.brown@yahoo.com,0,3,0,0,1,11,0,0,0,0,0,0,0,0,0,1,sarah
489,grace.roberts1705@gmail.com,1705,3,1,0,1,17,0,1,0,0,0,0,0,0,0,0,grace
490,james.lewis@protonmail.com,0,0,0,0,1,11,0,0,0,0,0,0,0,1,0,0,james
491,Glenda_Gleason@yahoo.com,0,3,0,1,0,14,0,0,0,0,0,0,0,0,0,1,Glenda
492,katherine.foster1710@gmail.com,1710,3,1,0,1,20,0,1,0,0,0,0,0,0,0,0,katherine
493,Octavia.Thiel@gmail.com,0,3,0,0,1,13,0,1,0,0,0,0,0,0,0,0,Octavia
494,andrew_james7654@hotmail.com,7654,3,1,1,0,16,0,0,1,0,0,0,0,0,0,0,andrew
495,Elwin80@icloud.com,80,1,1,0,0,7,0,0,0,1,0,0,0,0,0,0,Elwin80
496,Herta_Abernathy13@mail.com,13,1,1,1,0,17,0,0,0,0,1,0,0,0,0,0,Herta
497,katie_thompson1981@gmail.com,1981,1,1,1,0,18,0,1,0,0,0,0,0,0,0,0,katie
498,caleb_phillips34567@icloud.com,34567,0,1,1,0,19,0,0,0,1,0,0,0,0,0,0,caleb
499,ryan33_blaze@hotmail.com,33,3,1,1,0,12,0,0,1,0,0,0,0,0,0,0,ryan33
500,elizabeth.miller1732@gmail.com,1732,3,1,0,1,20,0,1,0,0,0,0,0,0,0,0,elizabeth
501,daniel.jackson@hotmail.com,0,3,0,0,1,14,0,0,1,0,0,0,0,0,0,0,daniel
502,Sister87@icloud.com,87,1,1,0,0,8,0,0,0,1,0,0,0,0,0,0,Sister87
503,tyler.hayes86@gmail.com,86,1,1,0,1,13,0,1,0,0,0,0,0,0,0,0,tyler
504,laura.davis@aol.com,0,2,0,0,1,11,1,0,0,0,0,0,0,0,0,0,laura
505,Darrel_Roberts15@protonmail.com,15,0,1,1,0,16,0,0,0,0,0,0,0,1,0,0,Darrel
506,megan12_fire@aol.com,12,2,1,1,0,12,1,0,0,0,0,0,0,0,0,0,megan12
507,olivia.johnson91@gmail.com,91,1,1,0,1,16,0,1,0,0,0,0,0,0,0,0,olivia
508,Clark.Hoppe14@icloud.com,14,0,1,0,1,13,0,0,0,1,0,0,0,0,0,0,Clark
509,Rubye.Lebsack28@yahoo.com,28,3,1,0,1,15,0,0,0,0,0,0,0,0,0,1,Rubye
510,michael.johnson@gmail.com,0,3,0,0,1,15,0,1,0,0,0,0,0,0,0,0,michael
511,benjamin.phillips@hotmail.com,0,3,0,0,1,17,0,0,1,0,0,0,0,0,0,0,benjamin
512,olivia.johnson91@gmail.com,91,1,1,0,1,16,0,1,0,0,0,0,0,0,0,0,olivia
513,Talon_Stark79@icloud.com,79,1,1,1,0,13,0,0,0,1,0,0,0,0,0,0,Talon
514,victoria17_heat@protonmail.com,17,0,1,1,0,15,0,0,0,0,0,0,0,1,0,0,victoria17
515,andrew.clark88@gmail.com,88,1,1,0,1,14,0,1,0,0,0,0,0,0,0,0,andrew
516,Javonte.Bednar@tutanota.com,0,0,0,0,1,14,0,0,0,0,0,0,0,0,1,0,Javonte
517,benjamin.mitchell1779@gmail.com,1779,3,1,0,1,21,0,1,0,0,0,0,0,0,0,0,benjamin
518,Bertha66@gmail.com,66,2,1,0,0,8,0,1,0,0,0,0,0,0,0,0,Bertha66
519,Rubye.Lebsack28@yahoo.com,28,3,1,0,1,15,0,0,0,0,0,0,0,0,0,1,Rubye
520,margaret.smith@hotmail.com,0,3,0,0,1,14,0,0,1,0,0,0,0,0,0,0,margaret
521,Brook_Marks53@tutanota.com,53,2,1,1,0,13,0,0,0,0,0,0,0,0,1,0,Brook
522,elizabeth.roberts@hotmail.com,0,3,0,0,1,17,0,0,1,0,0,0,0,0,0,0,elizabeth
523,rebecca.allen1771@gmail.com,1771,3,1,0,1,17,0,1,0,0,0,0,0,0,0,0,rebecca
524,john_lee1986@gmail.com,1986,1,1,1,0,12,0,1,0,0,0,0,0,0,0,0,john
525,logan19_glint@gmail.com,19,3,1,1,0,13,0,1,0,0,0,0,0,0,0,0,logan19
526,Lyla_Jakubowski@gmail.com,0,3,0,1,0,15,0,1,0,0,0,0,0,0,0,0,Lyla
527,Eva35@protonmail.com,35,0,1,0,0,5,0,0,0,0,0,0,0,1,0,0,Eva35
528,Maddison62@aol.com,62,2,1,0,0,10,1,0,0,0,0,0,0,0,0,0,Maddison62
529,abigail.powell56@yahoo.com,56,2,1,0,1,16,0,0,0,0,0,0,0,0,0,1,abigail
530,james4672_blake@gmail.com,4672,3,1,1,0,15,0,1,0,0,0,0,0,0,0,0,james4672
531,Fae_Ward80@yahoo.com,80,1,1,1,0,10,0,0,0,0,0,0,0,0,0,1,Fae
532,Tillman.Green44@icloud.com,44,0,1,0,1,15,0,0,0,1,0,0,0,0,0,0,Tillman
533,Hayley.Kohler49@protonmail.com,49,0,1,0,1,15,0,0,0,0,0,0,0,1,0,0,Hayley
534,joshua.bell00@gmail.com,00,0,1,0,1,13,0,1,0,0,0,0,0,0,0,0,joshua
535,Wanda40@gmail.com,40,3,1,0,0,7,0,1,0,0,0,0,0,0,0,0,Wanda40
536,jason1997_long@gmail.com,1997,0,1,1,0,14,0,1,0,0,0,0,0,0,0,0,jason1997
537,matthew_davis8765@hotmail.com,8765,3,1,1,0,17,0,0,1,0,0,0,0,0,0,0,matthew
538,Alexane45@aol.com,45,2,1,0,0,9,1,0,0,0,0,0,0,0,0,0,Alexane45
539,thomas.brown@protonmail.com,0,0,0,0,1,12,0,0,0,0,0,0,0,1,0,0,thomas
540,Hilario.Steuber@aol.com,0,2,0,0,1,15,1,0,0,0,0,0,0,0,0,0,Hilario
541,Zackary29@gmail.com,29,3,1,0,0,9,0,1,0,0,0,0,0,0,0,0,Zackary29
542,Kirk96@tutanota.com,96,0,1,0,0,6,0,0,0,0,0,0,0,0,1,0,Kirk96
543,nathan.peters1808@gmail.com,1808,3,1,0,1,17,0,1,0,0,0,0,0,0,0,0,nathan
544,Cesar74@gmail.com,74,1,1,0,0,7,0,1,0,0,0,0,0,0,0,0,Cesar74
545,Krista59@gmail.com,59,2,1,0,0,8,0,1,0,0,0,0,0,0,0,0,Krista59
546,sophia_jones2001@gmail.com,2001,0,1,1,0,16,0,1,0,0,0,0,0,0,0,0,sophia
547,Minnie_Nitzsche48@yahoo.com,48,3,1,1,0,17,0,0,0,0,0,0,0,0,0,1,Minnie
548,william.johnson1799@gmail.com,1799,3,1,0,1,19,0,1,0,0,0,0,0,0,0,0,william
549,ethan.lee2002@protonmail.com,2002,0,1,0,1,13,0,0,0,0,0,0,0,1,0,0,ethan
550,Roger44@gmail.com,44,3,1,0,0,7,0,1,0,0,0,0,0,0,0,0,Roger44
551,Marisol1@gmail.com,1,3,1,0,0,8,0,1,0,0,0,0,0,0,0,0,Marisol1
552,lily.long85@yahoo.com,85,1,1,0,1,11,0,0,0,0,0,0,0,0,0,1,lily
553,Terrance28@aol.com,28,2,1,0,0,10,1,0,0,0,0,0,0,0,0,0,Terrance28
554,dylan.richards83@gmail.com,83,1,1,0,1,16,0,1,0,0,0,0,0,0,0,0,dylan
555,Cali_Bauch81@icloud.com,81,1,1,1,0,12,0,0,0,1,0,0,0,0,0,0,Cali
556,Shany.McLaughlin@tutanota.com,0,0,0,0,1,16,0,0,0,0,0,0,0,0,1,0,Shany
557,Adaline.Stamm83@gmail.com,83,1,1,0,1,15,0,1,0,0,0,0,0,0,0,0,Adaline
558,robert.carter@hotmail.com,0,3,0,0,1,13,0,0,1,0,0,0,0,0,0,0,robert
559,Frederique.Cronin45@gmail.com,45,3,1,0,1,19,0,1,0,0,0,0,0,0,0,0,Frederique
560,jason35_glint@gmail.com,35,3,1,1,0,13,0,1,0,0,0,0,0,0,0,0,jason35
561,Ayden28@yahoo.com,28,3,1,0,0,7,0,0,0,0,0,0,0,0,0,1,Ayden28
562,Barbara_Kub@tutanota.com,0,0,0,1,0,11,0,0,0,0,0,0,0,0,1,0,Barbara
563,Estelle80@yahoo.com,80,1,1,0,0,9,0,0,0,0,0,0,0,0,0,1,Estelle80
564,david.phillips@outlook.com,0,3,0,0,1,14,0,0,0,0,0,0,1,0,0,0,david
565,m.williams1998@icloud.com,1998,0,1,0,1,14,0,0,0,1,0,0,0,0,0,0,m
566,david_roberts1981@gmail.com,1981,1,1,1,0,17,0,1,0,0,0,0,0,0,0,0,david
567,lily1983_thompson@protonmail.com,1983,1,1,1,0,17,0,0,0,0,0,0,0,1,0,0,lily1983
568,ryan1984_hughes@hotmail.com,1984,1,1,1,0,15,0,0,1,0,0,0,0,0,0,0,ryan1984
569,hailey_sanders4567@gmail.com,4567,3,1,1,0,18,0,1,0,0,0,0,0,0,0,0,hailey
570,david_clark1983@gmail.com,1983,1,1,1,0,15,0,1,0,0,0,0,0,0,0,0,david
571,Oren_Rau@mail.com,0,1,0,1,0,8,0,0,0,0,1,0,0,0,0,0,Oren
572,Helena_Bartoletti@aol.com,0,2,0,1,0,17,1,0,0,0,0,0,0,0,0,0,Helena
573,patricia.bailey@yahoo.com,0,3,0,0,1,15,0,0,0,0,0,0,0,0,0,1,patricia
574,george.scott@yahoo.com,0,3,0,0,1,12,0,0,0,0,0,0,0,0,0,1,george
575,Jaquelin.Hermann13@tutanota.com,13,0,1,0,1,18,0,0,0,0,0,0,0,0,1,0,Jaquelin
576,Joey_Gottlieb@aol.com,0,2,0,1,0,13,1,0,0,0,0,0,0,0,0,0,Joey
577,george.scott@yahoo.com,0,3,0,0,1,12,0,0,0,0,0,0,0,0,0,1,george
578,Devante_Deckow@gmail.com,0,3,0,1,0,14,0,1,0,0,0,0,0,0,0,0,Devante
579,Tom_Torp@gmail.com,0,3,0,1,0,8,0,1,0,0,0,0,0,0,0,0,Tom
580,daniel_clark@outlook.com,0,3,0,1,0,12,0,0,0,0,0,0,1,0,0,0,daniel
581,rebecca.scott@outlook.com,0,3,0,0,1,13,0,0,0,0,0,0,1,0,0,0,rebecca
582,james.clark@protonmail.com,0,0,0,0,1,11,0,0,0,0,0,0,0,1,0,0,james
583,emma..watson@yahoo.com,0,3,0,0,1,12,0,0,0,0,0,0,0,0,0,1,emma
584,Imelda.Kemmer@tutanota.com,0,0,0,0,1,13,0,0,0,0,0,0,0,0,1,0,Imelda
585,caleb_powell1989@gmail.com,1989,1,1,1,0,16,0,1,0,0,0,0,0,0,0,0,caleb
586,samuel.6782clark@gmail.com,6782,3,1,0,1,16,0,1,0,0,0,0,0,0,0,0,samuel
587,Jaren16@tutanota.com,16,0,1,0,0,7,0,0,0,0,0,0,0,0,1,0,Jaren16
588,victoria.carter84@yahoo.com,84,1,1,0,1,17,0,0,0,0,0,0,0,0,0,1,victoria
589,emma_9010thompson@gmail.com,9010,3,1,1,0,17,0,1,0,0,0,0,0,0,0,0,emma
590,peter.ward@gmail.com,0,3,0,0,1,10,0,1,0,0,0,0,0,0,0,0,peter
591,Fay.Kertzmann@mail.com,0,1,0,0,1,13,0,0,0,0,1,0,0,0,0,0,Fay
592,nancy.morris@yahoo.com,0,3,0,0,1,12,0,0,0,0,0,0,0,0,0,1,nancy
593,Jacques.Grady55@protonmail.com,55,2,1,0,1,15,0,0,0,0,0,0,0,1,0,0,Jacques
594,jessica.evans04@gmail.com,04,0,1,0,1,15,0,1,0,0,0,0,0,0,0,0,jessica
595,laura.evans@gmail.com,0,3,0,0,1,11,0,1,0,0,0,0,0,0,0,0,laura
596,samantha.jones1994@gmail.com,1994,0,1,0,1,18,0,1,0,0,0,0,0,0,0,0,samantha
597,jason42_light@yahoo.com,42,3,1,1,0,13,0,0,0,0,0,0,0,0,0,1,jason42
598,Arlo8@outlook.com,8,3,1,0,0,5,0,0,0,0,0,0,1,0,0,0,Arlo8
599,laura.baker45@icloud.com,45,0,1,0,1,13,0,0,0,1,0,0,0,0,0,0,laura
600,robert.jones@yahoo.com,0,3,0,0,1,12,0,0,0,0,0,0,0,0,0,1,robert
601,oliver1123@gmail.com,1123,3,1,0,0,10,0,1,0,0,0,0,0,0,0,0,oliver1123
602,laura.evans@icloud.com,0,0,0,0,1,11,0,0,0,1,0,0,0,0,0,0,laura
603,anna_martin1997@gmail.com,1997,0,1,1,0,15,0,1,0,0,0,0,0,0,0,0,anna
604,Keara.Cartwright59@tutanota.com,59,2,1,0,1,18,0,0,0,0,0,0,0,0,1,0,Keara
605,a.james_1996@gmail.com,1996,0,1,1,1,12,0,1,0,0,0,0,0,0,0,0,a.james
606,Marshall_Upton32@mail.com,32,1,1,1,0,16,0,0,0,0,1,0,0,0,0,0,Marshall
607,adam59_blaze@gmail.com,59,2,1,1,0,12,0,1,0,0,0,0,0,0,0,0,adam59
608,stephen.morris1764@gmail.com,1764,3,1,0,1,18,0,1,0,0,0,0,0,0,0,0,stephen
609,joseph.adams@gmail.com,0,3,0,0,1,12,0,1,0,0,0,0,0,0,0,0,joseph
610,Gus_Schultz70@aol.com,70,2,1,1,0,13,1,0,0,0,0,0,0,0,0,0,Gus
611,harry93_thomas@hotmail.com,93,1,1,1,0,14,0,0,1,0,0,0,0,0,0,0,harry93
612,jackson5431_thomas@hotmail.com,5431,3,1,1,0,18,0,0,1,0,0,0,0,0,0,0,jackson5431
613,Ernest_Jacobson59@protonmail.com,59,2,1,1,0,17,0,0,0,0,0,0,0,1,0,0,Ernest
614,jacob89_light@gmail.com,89,1,1,1,0,13,0,1,0,0,0,0,0,0,0,0,jacob89
615,laura.smith@icloud.com,0,0,0,0,1,11,0,0,0,1,0,0,0,0,0,0,laura
616,richard.clark1674@gmail.com,1674,3,1,0,1,17,0,1,0,0,0,0,0,0,0,0,richard
617,hailey54_light@gmail.com,54,2,1,1,0,14,0,1,0,0,0,0,0,0,0,0,hailey54
618,william.moore@icloud.com,0,0,0,0,1,13,0,0,0,1,0,0,0,0,0,0,william
619,joseph.green@hotmail.com,0,3,0,0,1,12,0,0,1,0,0,0,0,0,0,0,joseph
620,isaac.bell@outlook.com,0,3,0,0,1,10,0,0,0,0,0,0,1,0,0,0,isaac
621,hailey2001_price@protonmail.com,2001,0,1,1,0,16,0,0,0,0,0,0,0,1,0,0,hailey2001
622,patricia.morris1691@gmail.com,1691,3,1,0,1,19,0,1,0,0,0,0,0,0,0,0,patricia
623,victoria42_heat@yahoo.com,42,3,1,1,0,15,0,0,0,0,0,0,0,0,0,1,victoria42
624,rebecca.thomas@hotmail.com,0,3,0,0,1,14,0,0,1,0,0,0,0,0,0,0,rebecca
625,daniel99_spark@icloud.com,99,0,1,1,0,14,0,0,0,1,0,0,0,0,0,0,daniel99
626,Rubye_Jast-Hane17@icloud.com,17,0,1,1,0,17,0,0,0,1,0,0,0,0,0,0,Rubye
627,anthony.ward1825@gmail.com,1825,3,1,0,1,16,0,1,0,0,0,0,0,0,0,0,anthony
628,robert.white1725@gmail.com,1725,3,1,0,1,16,0,1,0,0,0,0,0,0,0,0,robert
629,edward.king@protonmail.com,0,0,0,0,1,11,0,0,0,0,0,0,0,1,0,0,edward
630,Demario_Fisher47@mail.com,47,1,1,1,0,16,0,0,0,0,1,0,0,0,0,0,Demario
631,emily1998_smith@gmail.com,1998,0,1,1,0,15,0,1,0,0,0,0,0,0,0,0,emily1998
632,alexis_cooper1992@gmail.com,1992,1,1,1,0,17,0,1,0,0,0,0,0,0,0,0,alexis
633,rebecca.jones@icloud.com,0,0,0,0,1,13,0,0,0,1,0,0,0,0,0,0,rebecca
634,susan..young@gmail.com,0,3,0,0,1,12,0,1,0,0,0,0,0,0,0,0,susan
635,peter.clark@gmail.com,0,3,0,0,1,11,0,1,0,0,0,0,0,0,0,0,peter
636,madeline_butler1996@gmail.com,1996,0,1,1,0,19,0,1,0,0,0,0,0,0,0,0,madeline
637,charles.mitchell@icloud.com,0,0,0,0,1,16,0,0,0,1,0,0,0,0,0,0,charles
638,david.young@icloud.com,0,0,0,0,1,11,0,0,0,1,0,0,0,0,0,0,david
639,Oran_Zemlak39@gmail.com,39,3,1,1,0,13,0,1,0,0,0,0,0,0,0,0,Oran
640,Fae_Ward80@yahoo.com,80,1,1,1,0,10,0,0,0,0,0,0,0,0,0,1,Fae
641,Torrey.Luettgen@gmail.com,0,3,0,0,1,15,0,1,0,0,0,0,0,0,0,0,Torrey
642,david.wilson98@outlook.com,98,0,1,0,1,14,0,0,0,0,0,0,1,0,0,0,david
643,Gunner46@mail.com,46,1,1,0,0,8,0,0,0,0,1,0,0,0,0,0,Gunner46
644,Gunner46@mail.com,46,1,1,0,0,8,0,0,0,0,1,0,0,0,0,0,Gunner46
645,margaret.evans@yahoo.com,0,3,0,0,1,14,0,0,0,0,0,0,0,0,0,1,margaret
646,joseph.miller@gmail.com,0,3,0,0,1,13,0,1,0,0,0,0,0,0,0,0,joseph
647,daniel.taylor88@outlook.com,88,1,1,0,1,15,0,0,0,0,0,0,1,0,0,0,daniel
648,rebecca.clark@outlook.com,0,3,0,0,1,13,0,0,0,0,0,0,1,0,0,0,rebecca
649,olivia1992_williams@gmail.com,1992,1,1,1,0,19,0,1,0,0,0,0,0,0,0,0,olivia1992
650,rachel_perez2345@icloud.com,2345,0,1,1,0,16,0,0,0,1,0,0,0,0,0,0,rachel
651,Danny.Jacobson74@outlook.com,74,1,1,0,1,16,0,0,0,0,0,0,1,0,0,0,Danny
652,simon.johnson@gmail.com,0,3,0,0,1,13,0,1,0,0,0,0,0,0,0,0,simon
653,nathan.brooks@aol.com,0,2,0,0,1,13,1,0,0,0,0,0,0,0,0,0,nathan
654,michael.johnson@gmail.com,0,3,0,0,1,15,0,1,0,0,0,0,0,0,0,0,michael
655,george..thomas@outlook.com,0,3,0,0,1,14,0,0,0,0,0,0,1,0,0,0,george
656,victoria.white92@hotmail.com,92,1,1,0,1,16,0,0,1,0,0,0,0,0,0,0,victoria
657,Orin.Fisher@tutanota.com,0,0,0,0,1,11,0,0,0,0,0,0,0,0,1,0,Orin
658,olivia_nelson2004@gmail.com,2004,0,1,1,0,17,0,1,0,0,0,0,0,0,0,0,olivia
659,Kristian.Dickinson@aol.com,0,2,0,0,1,18,1,0,0,0,0,0,0,0,0,0,Kristian
660,tyler63_flicker@gmail.com,63,2,1,1,0,15,0,1,0,0,0,0,0,0,0,0,tyler63
661,megan.wilson21@hotmail.com,21,3,1,0,1,14,0,0,1,0,0,0,0,0,0,0,megan
662,Deven57@protonmail.com,57,2,1,0,0,7,0,0,0,0,0,0,0,1,0,0,Deven57
663,matthew1992_lee@gmail.com,1992,1,1,1,0,15,0,1,0,0,0,0,0,0,0,0,matthew1992
664,Kayden.Schmeler@aol.com,0,2,0,0,1,15,1,0,0,0,0,0,0,0,0,0,Kayden
665,lily4321_w@yahoo.com,4321,3,1,1,0,10,0,0,0,0,0,0,0,0,0,1,lily4321
666,Ross.Rutherford@tutanota.com,0,0,0,0,1,15,0,0,0,0,0,0,0,0,1,0,Ross
667,liam2573@gmail.com,2573,3,1,0,0,8,0,1,0,0,0,0,0,0,0,0,liam2573
668,hannah.adams@gmail.com,0,3,0,0,1,12,0,1,0,0,0,0,0,0,0,0,hannah
669,julia.doe4321@sub.domain.com,4321,3,1,0,1,13,0,0,0,0,0,1,0,0,0,0,julia
670,Reyes_Ondricka@mail.com,0,1,0,1,0,14,0,0,0,0,1,0,0,0,0,0,Reyes
671,Moses90@mail.com,90,1,1,0,0,7,0,0,0,0,1,0,0,0,0,0,Moses90
672,Nathen.Boehm@protonmail.com,0,0,0,0,1,12,0,0,0,0,0,0,0,1,0,0,Nathen
673,lily_kelly1986@gmail.com,1986,1,1,1,0,14,0,1,0,0,0,0,0,0,0,0,lily
674,john2001@gmail.com,2001,0,1,0,0,8,0,1,0,0,0,0,0,0,0,0,john2001
675,Zora_Goodwin@outlook.com,0,3,0,1,0,12,0,0,0,0,0,0,1,0,0,0,Zora
676,emma.king@icloud.com,0,0,0,0,1,9,0,0,0,1,0,0,0,0,0,0,emma
677,amanda2003_watson@icloud.com,2003,0,1,1,0,17,0,0,0,1,0,0,0,0,0,0,amanda2003
678,Francesco_DAmore-Purdy45@gmail.com,45,3,1,1,0,24,0,1,0,0,0,0,0,0,0,0,Francesco
679,Domenico.Jacobs35@gmail.com,35,3,1,0,1,17,0,1,0,0,0,0,0,0,0,0,Domenico
680,Shaun_Wisoky-Lockman23@protonmail.com,23,0,1,1,0,22,0,0,0,0,0,0,0,1,0,0,Shaun
681,ethan2000_sanders@protonmail.com,2000,0,1,1,0,17,0,0,0,0,0,0,0,1,0,0,ethan2000
682,ethan.hughes01@protonmail.com,01,0,1,0,1,14,0,0,0,0,0,0,0,1,0,0,ethan
683,george.johnson@aol.com,0,2,0,0,1,14,1,0,0,0,0,0,0,0,0,0,george
684,sarah.wilson@gmail.com,0,3,0,0,1,12,0,1,0,0,0,0,0,0,0,0,sarah
685,jason_barnes87690@gmail.com,87690,3,1,1,0,17,0,1,0,0,0,0,0,0,0,0,jason
686,laura.howard1753@gmail.com,1753,3,1,0,1,16,0,1,0,0,0,0,0,0,0,0,laura
687,susan.cook@yahoo.com,0,3,0,0,1,10,0,0,0,0,0,0,0,0,0,1,susan
688,Toney.Leffler87@yahoo.com,87,1,1,0,1,15,0,0,0,0,0,0,0,0,0,1,Toney
689,ethan_white2002@protonmail.com,2002,0,1,1,0,15,0,0,0,0,0,0,0,1,0,0,ethan
690,megan1993_scott@aol.com,1993,1,1,1,0,15,1,0,0,0,0,0,0,0,0,0,megan1993
691,Tre_Rau96@tutanota.com,96,0,1,1,0,9,0,0,0,0,0,0,0,0,1,0,Tre
692,jacob_hall1985@gmail.com,1985,1,1,1,0,14,0,1,0,0,0,0,0,0,0,0,jacob
693,Johann_Gleason20@aol.com,20,2,1,1,0,16,1,0,0,0,0,0,0,0,0,0,Johann
694,Eva35@protonmail.com,35,0,1,0,0,5,0,0,0,0,0,0,0,1,0,0,Eva35
695,eliza.howard@gmail.com,0,3,0,0,1,12,0,1,0,0,0,0,0,0,0,0,eliza
696,chris1991_walker@gmail.com,1991,1,1,1,0,16,0,1,0,0,0,0,0,0,0,0,chris1991
697,amanda_king1999@hotmail.com,1999,0,1,1,0,15,0,0,1,0,0,0,0,0,0,0,amanda
698,rachel.murphy@aol.com,0,2,0,0,1,13,1,0,0,0,0,0,0,0,0,0,rachel
699,james_brown1985@gmail.com,1985,1,1,1,0,15,0,1,0,0,0,0,0,0,0,0,james
700,Renee_Bradtke@tutanota.com,0,0,0,1,0,13,0,0,0,0,0,0,0,0,1,0,Renee
701,olivia_smith99991@yahoo.com,99991,3,1,1,0,17,0,0,0,0,0,0,0,0,0,1,olivia
702,Victoria.Jast@gmail.com,0,3,0,0,1,13,0,1,0,0,0,0,0,0,0,0,Victoria
703,madison90_flash@outlook.com,90,1,1,1,0,15,0,0,0,0,0,0,1,0,0,0,madison90
704,Nicolette82@protonmail.com,82,1,1,0,0,11,0,0,0,0,0,0,0,1,0,0,Nicolette82
705,charles@davis@gmail.com,0,3,0,0,0,7,0,1,0,0,0,0,0,0,0,0,charles
706,grace_wilson4501@gmail.com,4501,3,1,1,0,16,0,1,0,0,0,0,0,0,0,0,grace
707,Helmer.Lockman72@yahoo.com,72,2,1,0,1,16,0,0,0,0,0,0,0,0,0,1,Helmer
708,Kevon93@yahoo.com,93,1,1,0,0,7,0,0,0,0,0,0,0,0,0,1,Kevon93
709,laura.foster@icloud.com,0,0,0,0,1,12,0,0,0,1,0,0,0,0,0,0,laura
710,Birdie_Kuvalis89@outlook.com,89,1,1,1,0,16,0,0,0,0,0,0,1,0,0,0,Birdie
711,olivia.smith999@yahoo.com,999,3,1,0,1,15,0,0,0,0,0,0,0,0,0,1,olivia
712,Elias47@aol.com,47,2,1,0,0,7,1,0,0,0,0,0,0,0,0,0,Elias47
713,laura_baker12345@icloud.com,12345,0,1,1,0,16,0,0,0,1,0,0,0,0,0,0,laura
714,logan2005_bryant@outlook.com,2005,0,1,1,0,16,0,0,0,0,0,0,1,0,0,0,logan2005
715,Zaria_Ebert-Glover38@aol.com,38,2,1,1,0,20,1,0,0,0,0,0,0,0,0,0,Zaria
716,mason1999_watson@hotmail.com,1999,0,1,1,0,16,0,0,1,0,0,0,0,0,0,0,mason1999
717,james.morgan@icloud.com,0,0,0,0,1,12,0,0,0,1,0,0,0,0,0,0,james
718,samantha.miller96@gmail.com,96,0,1,0,1,17,0,1,0,0,0,0,0,0,0,0,samantha
719,Gaston_Schuppe-Ryan@protonmail.com,0,0,0,1,0,19,0,0,0,0,0,0,0,1,0,0,Gaston
720,nathan2000_patel@aol.com,2000,0,1,1,0,16,1,0,0,0,0,0,0,0,0,0,nathan2000
721,Helena_Bartoletti@aol.com,0,2,0,1,0,17,1,0,0,0,0,0,0,0,0,0,Helena
722,carter_hughes2002@gmail.com,2002,0,1,1,0,17,0,1,0,0,0,0,0,0,0,0,carter
723,Ransom.Turcotte-Heaney97@gmail.com,97,0,1,0,1,24,0,1,0,0,0,0,0,0,0,0,Ransom
724,susan.green@yahoo.com,0,3,0,0,1,11,0,0,0,0,0,0,0,0,0,1,susan
725,george.baker@hotmail.com,0,3,0,0,1,12,0,0,1,0,0,0,0,0,0,0,george
726,david.mitchell@gmail.com,0,3,0,0,1,14,0,1,0,0,0,0,0,0,0,0,david
727,logan1982_brooks@gmail.com,1982,1,1,1,0,16,0,1,0,0,0,0,0,0,0,0,logan1982
728,george.harris@yahoo.com,0,3,0,0,1,13,0,0,0,0,0,0,0,0,0,1,george
729,hannah.adams@gmail.com,0,3,0,0,1,12,0,1,0,0,0,0,0,0,0,0,hannah
730,william.moore@outlook.com,0,3,0,0,1,13,0,0,0,0,0,0,1,0,0,0,william
731,t.jones1997@hotmail.com,1997,0,1,0,1,11,0,0,1,0,0,0,0,0,0,0,t
732,benjamin_1782.johnson@college.edu,1782,3,1,1,1,21,0,0,0,0,0,1,0,0,0,0,benjamin
733,emily56_gleam@outlook.com,56,2,1,1,0,13,0,0,0,0,0,0,1,0,0,0,emily56
734,sophia.wilson@yahoo.com,0,3,0,0,1,13,0,0,0,0,0,0,0,0,0,1,sophia
735,Leonardo_Osinski@gmail.com,0,3,0,1,0,16,0,1,0,0,0,0,0,0,0,0,Leonardo
736,joseph.clark@outlook.com,0,3,0,0,1,12,0,0,0,0,0,0,1,0,0,0,joseph
737,Barry.Hahn64@icloud.com,64,2,1,0,1,12,0,0,0,1,0,0,0,0,0,0,Barry
738,anthony.evans@protonmail.com,0,0,0,0,1,13,0,0,0,0,0,0,0,1,0,0,anthony
739,sophia.3452@gmail.com,3452,3,1,0,1,11,0,1,0,0,0,0,0,0,0,0,sophia
740,hannah.bryant@aol.com,0,2,0,0,1,13,1,0,0,0,0,0,0,0,0,0,hannah
741,Brandt20@icloud.com,20,0,1,0,0,8,0,0,0,1,0,0,0,0,0,0,Brandt20
742,emily2000_smith@outlook.com,2000,0,1,1,0,15,0,0,0,0,0,0,1,0,0,0,emily2000
743,thomas.hall1688@gmail.com,1688,3,1,0,1,15,0,1,0,0,0,0,0,0,0,0,thomas
744,hailey.price39@protonmail.com,39,0,1,0,1,14,0,0,0,0,0,0,0,1,0,0,hailey
745,Owen_Kutch@aol.com,0,2,0,1,0,10,1,0,0,0,0,0,0,0,0,0,Owen
746,sophia.evans@yahoo.com,0,3,0,0,1,12,0,0,0,0,0,0,0,0,0,1,sophia
747,amelia.hughes@outlook.com,0,3,0,0,1,13,0,0,0,0,0,0,1,0,0,0,amelia
748,victoria.kelly03@protonmail.com,03,0,1,0,1,16,0,0,0,0,0,0,0,1,0,0,victoria
749,Bobbie_Bins@yahoo.com,0,3,0,1,0,11,0,0,0,0,0,0,0,0,0,1,Bobbie
750,mary.miller@gmail.com,0,3,0,0,1,11,0,1,0,0,0,0,0,0,0,0,mary
751,Birdie_Lesch85@gmail.com,85,1,1,1,0,14,0,1,0,0,0,0,0,0,0,0,Birdie
752,alexis_perez1989@gmail.com,1989,1,1,1,0,16,0,1,0,0,0,0,0,0,0,0,alexis
753,ethan89_fire@protonmail.com,89,1,1,1,0,12,0,0,0,0,0,0,0,1,0,0,ethan89
754,Lexi.Jerde@protonmail.com,0,0,0,0,1,10,0,0,0,0,0,0,0,1,0,0,Lexi
755,laura.james@gmail.com,0,3,0,0,1,11,0,1,0,0,0,0,0,0,0,0,laura
756,lily_long1985@yahoo.com,1985,1,1,1,0,13,0,0,0,0,0,0,0,0,0,1,lily
757,jane.baker1728@gmail.com,1728,3,1,0,1,14,0,1,0,0,0,0,0,0,0,0,jane
758,rachel1995_w@yahoo.com,1995,0,1,1,0,12,0,0,0,0,0,0,0,0,0,1,rachel1995
759,kelly.brown93@protonmail.com,93,1,1,0,1,13,0,0,0,0,0,0,0,1,0,0,kelly
760,Xander.Johns95@protonmail.com,95,0,1,0,1,14,0,0,0,0,0,0,0,1,0,0,Xander
761,james.jones00@gmail.com,00,0,1,0,1,13,0,1,0,0,0,0,0,0,0,0,james
762,olivia1230_lee@gmail.com,1230,3,1,1,0,14,0,1,0,0,0,0,0,0,0,0,olivia1230
763,laura.anderson@icloud.com,0,0,0,0,1,14,0,0,0,1,0,0,0,0,0,0,laura
764,matthew58_glow@gmail.com,58,2,1,1,0,14,0,1,0,0,0,0,0,0,0,0,matthew58
765,Carroll_Armstrong92@mail.com,92,1,1,1,0,19,0,0,0,0,1,0,0,0,0,0,Carroll
766,emily.smith94@gmail.com,94,0,1,0,1,13,0,1,0,0,0,0,0,0,0,0,emily
767,Ewell_Donnelly45@aol.com,45,2,1,1,0,16,1,0,0,0,0,0,0,0,0,0,Ewell
768,Maya.Hilll@gmail.com,0,3,0,0,1,10,0,1,0,0,0,0,0,0,0,0,Maya
769,anthony.evans@protonmail.com,0,0,0,0,1,13,0,0,0,0,0,0,0,1,0,0,anthony
770,ethan.hughes01@protonmail.com,01,0,1,0,1,14,0,0,0,0,0,0,0,1,0,0,ethan
771,Nathen.Boehm@protonmail.com,0,0,0,0,1,12,0,0,0,0,0,0,0,1,0,0,Nathen
772,Conor_OKeefe@outlook.com,0,3,0,1,0,12,0,0,0,0,0,0,1,0,0,0,Conor
773,matthew.davis01@hotmail.com,01,0,1,0,1,15,0,0,1,0,0,0,0,0,0,0,matthew
774,jason.brown85@gmail.com,85,1,1,0,1,13,0,1,0,0,0,0,0,0,0,0,jason
775,sophia.evans@yahoo.com,0,3,0,0,1,12,0,0,0,0,0,0,0,0,0,1,sophia
776,mark_wilson4500@yahoo.com,4500,3,1,1,0,15,0,0,0,0,0,0,0,0,0,1,mark
777,Lonnie_Kulas@gmail.com,0,3,0,1,0,12,0,1,0,0,0,0,0,0,0,0,Lonnie
778,joseph.scott1736@gmail.com,1736,3,1,0,1,16,0,1,0,0,0,0,0,0,0,0,joseph
779,Renee.Simonis23@tutanota.com,23,0,1,0,1,15,0,0,0,0,0,0,0,0,1,0,Renee
780,amelia.gray1746@gmail.com,1746,3,1,0,1,15,0,1,0,0,0,0,0,0,0,0,amelia
781,victoria_morris1990@gmail.com,1990,1,1,1,0,19,0,1,0,0,0,0,0,0,0,0,victoria
782,victoria.kelly03@protonmail.com,03,0,1,0,1,16,0,0,0,0,0,0,0,1,0,0,victoria
783,Gardner0@gmail.com,0,3,1,0,0,8,0,1,0,0,0,0,0,0,0,0,Gardner0
784,carter_james9999@hotmail.com,9999,3,1,1,0,16,0,0,1,0,0,0,0,0,0,0,carter
785,lucy.hill@yahoo.com,0,3,0,0,1,9,0,0,0,0,0,0,0,0,0,1,lucy
786,joshua99_bright@gmail.com,99,0,1,1,0,15,0,1,0,0,0,0,0,0,0,0,joshua99
787,Howell73@tutanota.com,73,2,1,0,0,8,0,0,0,0,0,0,0,0,1,0,Howell73
788,nathan.jones@protonmail.com,0,0,0,0,1,12,0,0,0,0,0,0,0,1,0,0,nathan
789,elizabeth.walker@protonmail.com,0,0,0,0,1,16,0,0,0,0,0,0,0,1,0,0,elizabeth
790,peter.smith@aol.com,0,2,0,0,1,11,1,0,0,0,0,0,0,0,0,0,peter
791,Nayeli_Schinner16@protonmail.com,16,0,1,1,0,17,0,0,0,0,0,0,0,1,0,0,Nayeli
792,Genevieve_Sawayn-Kunde79@gmail.com,79,1,1,1,0,24,0,1,0,0,0,0,0,0,0,0,Genevieve
793,chris.lee69@hotmail.com,69,2,1,0,1,11,0,0,1,0,0,0,0,0,0,0,chris
794,Hilario.Steuber@aol.com,0,2,0,0,1,15,1,0,0,0,0,0,0,0,0,0,Hilario
795,Maude_Donnelly@protonmail.com,0,0,0,1,0,14,0,0,0,0,0,0,0,1,0,0,Maude
796,ella8901@protonmail.com,8901,0,1,0,0,8,0,0,0,0,0,0,0,1,0,0,ella8901
797,Willie.Lemke5@gmail.com,5,3,1,0,1,13,0,1,0,0,0,0,0,0,0,0,Willie
798,Cayla83@tutanota.com,83,1,1,0,0,7,0,0,0,0,0,0,0,0,1,0,Cayla83
799,sophia.james91@gmail.com,91,1,1,0,1,14,0,1,0,0,0,0,0,0,0,0,sophia
800,Anissa49@aol.com,49,2,1,0,0,8,1,0,0,0,0,0,0,0,0,0,Anissa49
801,logan.brooks12@gmail.com,12,3,1,0,1,14,0,1,0,0,0,0,0,0,0,0,logan
802,andrew.james64@hotmail.com,64,2,1,0,1,14,0,0,1,0,0,0,0,0,0,0,andrew
803,logan.turner98@outlook.com,98,0,1,0,1,14,0,0,0,0,0,0,1,0,0,0,logan
804,nathan.anderson@gmail.com,0,3,0,0,1,15,0,1,0,0,0,0,0,0,0,0,nathan
805,Deon29@outlook.com,29,3,1,0,0,6,0,0,0,0,0,0,1,0,0,0,Deon29
806,Delaney_Krajcik@aol.com,0,2,0,1,0,15,1,0,0,0,0,0,0,0,0,0,Delaney
807,emma.clark76@icloud.com,76,1,1,0,1,12,0,0,0,1,0,0,0,0,0,0,emma
808,abigail32_light@yahoo.com,32,3,1,1,0,15,0,0,0,0,0,0,0,0,0,1,abigail32
809,grace.hughes@hotmail.com,0,3,0,0,1,12,0,0,1,0,0,0,0,0,0,0,grace
810,claire_mitchell2005@gmail.com,2005,0,1,1,0,19,0,1,0,0,0,0,0,0,0,0,claire
811,amanda61_spark@icloud.com,61,2,1,1,0,14,0,0,0,1,0,0,0,0,0,0,amanda61
812,robert.clark@outlook.com,0,3,0,0,1,12,0,0,0,0,0,0,1,0,0,0,robert
813,lily1985_butler@yahoo.com,1985,1,1,1,0,15,0,0,0,0,0,0,0,0,0,1,lily1985
814,Corrine84@gmail.com,84,1,1,0,0,9,0,1,0,0,0,0,0,0,0,0,Corrine84
815,john.anderson@protonmail.com,0,0,0,0,1,13,0,0,0,0,0,0,0,1,0,0,john
816,Raina14@tutanota.com,14,0,1,0,0,7,0,0,0,0,0,0,0,0,1,0,Raina14
817,sarah.carter@yahoo.com,0,3,0,0,1,12,0,0,0,0,0,0,0,0,0,1,sarah
818,henry.wright@protonmail.com,0,0,0,0,1,12,0,0,0,0,0,0,0,1,0,0,henry
819,sarah.miller@protonmail.com,0,0,0,0,1,12,0,0,0,0,0,0,0,1,0,0,sarah
820,margaret.bell@protonmail.com,0,0,0,0,1,13,0,0,0,0,0,0,0,1,0,0,margaret
821,karen_hall2003@gmail.com,2003,0,1,1,0,14,0,1,0,0,0,0,0,0,0,0,karen
822,Marian.Morar@aol.com,0,2,0,0,1,12,1,0,0,0,0,0,0,0,0,0,Marian
823,samantha.miller96@gmail.com,96,0,1,0,1,17,0,1,0,0,0,0,0,0,0,0,samantha
824,Tabitha_Lubowitz94@outlook.com,94,0,1,1,0,18,0,0,0,0,0,0,1,0,0,0,Tabitha
825,victoria2002_kelly@protonmail.com,2002,0,1,1,0,18,0,0,0,0,0,0,0,1,0,0,victoria2002
826,simon.harris@aol.com,0,2,0,0,1,12,1,0,0,0,0,0,0,0,0,0,simon
827,Melyna15@aol.com,15,2,1,0,0,8,1,0,0,0,0,0,0,0,0,0,Melyna15
828,Kelly_Hammes@tutanota.com,0,0,0,1,0,12,0,0,0,0,0,0,0,0,1,0,Kelly
829,michael.wilson@protonmail.com,0,0,0,0,1,14,0,0,0,0,0,0,0,1,0,0,michael
830,elizabeth.moore@yahoo.com,0,3,0,0,1,15,0,0,0,0,0,0,0,0,0,1,elizabeth
831,patrick.bell1773@gmail.com,1773,3,1,0,1,16,0,1,0,0,0,0,0,0,0,0,patrick
832,kathy2000_b@outlook.com,2000,0,1,1,0,11,0,0,0,0,0,0,1,0,0,0,kathy2000
833,matthew_green1984@gmail.com,1984,1,1,1,0,17,0,1,0,0,0,0,0,0,0,0,matthew
834,lily49_bright@protonmail.com,49,0,1,1,0,13,0,0,0,0,0,0,0,1,0,0,lily49
835,claire_watson1998@gmail.com,1998,0,1,1,0,17,0,1,0,0,0,0,0,0,0,0,claire
836,Orlo67@tutanota.com,67,2,1,0,0,6,0,0,0,0,0,0,0,0,1,0,Orlo67
837,madison.butler89@outlook.com,89,1,1,0,1,16,0,0,0,0,0,0,1,0,0,0,madison
838,isabella4329@hotmail.com,4329,3,1,0,0,12,0,0,1,0,0,0,0,0,0,0,isabella4329
839,sarah_miller2000@gmail.com,2000,0,1,1,0,16,0,1,0,0,0,0,0,0,0,0,sarah
840,dylan_sanders1984@gmail.com,1984,1,1,1,0,17,0,1,0,0,0,0,0,0,0,0,dylan
841,hannah.smith@protonmail.com,0,0,0,0,1,12,0,0,0,0,0,0,0,1,0,0,hannah
842,Kallie_Schuppe@aol.com,0,2,0,1,0,14,1,0,0,0,0,0,0,0,0,0,Kallie
843,madison_butler6789@outlook.com,6789,3,1,1,0,18,0,0,0,0,0,0,1,0,0,0,madison
844,Jacquelyn21@aol.com,21,2,1,0,0,11,1,0,0,0,0,0,0,0,0,0,Jacquelyn21
845,Demetrius.Kris@outlook.com,0,3,0,0,1,14,0,0,0,0,0,0,1,0,0,0,Demetrius
846,dorothy.gray@protonmail.com,0,0,0,0,1,12,0,0,0,0,0,0,0,1,0,0,dorothy
847,catherine.jones@aol.com,0,2,0,0,1,15,1,0,0,0,0,0,0,0,0,0,catherine
848,nathan.moore@icloud.com,0,0,0,0,1,12,0,0,0,1,0,0,0,0,0,0,nathan
849,Jonas.Bruen9@gmail.com,9,3,1,0,1,12,0,1,0,0,0,0,0,0,0,0,Jonas
850,claire.harris87@outlook.com,87,1,1,0,1,15,0,0,0,0,0,0,1,0,0,0,claire
851,henry1234.smith@outlook.com,1234,3,1,0,1,15,0,0,0,0,0,0,1,0,0,0,henry1234
852,lucy.adams@icloud.com,0,0,0,0,1,10,0,0,0,1,0,0,0,0,0,0,lucy
853,laura38_glint@gmail.com,38,3,1,1,0,13,0,1,0,0,0,0,0,0,0,0,laura38
854,Viviane.Schimmel33@gmail.com,33,3,1,0,1,18,0,1,0,0,0,0,0,0,0,0,Viviane
855,Marilou.Koepp55@mail.com,55,2,1,0,1,15,0,0,0,0,1,0,0,0,0,0,Marilou
856,Liliana.Hoppe25@tutanota.com,25,0,1,0,1,15,0,0,0,0,0,0,0,0,1,0,Liliana
857,madison_henderson1981@gmail.com,1981,1,1,1,0,21,0,1,0,0,0,0,0,0,0,0,madison
858,alexis.cooper92@gmail.com,92,1,1,0,1,15,0,1,0,0,0,0,0,0,0,0,alexis
859,paul.simmons1761@gmail.com,1761,3,1,0,1,16,0,1,0,0,0,0,0,0,0,0,paul
860,ryan.watson01@hotmail.com,01,0,1,0,1,13,0,0,1,0,0,0,0,0,0,0,ryan
861,margaret.anderson@hotmail.com,0,3,0,0,1,17,0,0,1,0,0,0,0,0,0,0,margaret
862,Bonnie5@gmail.com,5,3,1,0,0,7,0,1,0,0,0,0,0,0,0,0,Bonnie5
863,jessica1997_evans@gmail.com,1997,0,1,1,0,17,0,1,0,0,0,0,0,0,0,0,jessica1997
864,nathan.martin04@gmail.com,04,0,1,0,1,15,0,1,0,0,0,0,0,0,0,0,nathan
865,charles.davis1776@gmail.com,1776,3,1,0,1,17,0,1,0,0,0,0,0,0,0,0,charles
866,john_1987doe@gmail.com,1987,1,1,1,0,12,0,1,0,0,0,0,0,0,0,0,john
867,matthew.adams85@icloud.com,85,1,1,0,1,15,0,0,0,1,0,0,0,0,0,0,matthew
868,william.wright@outlook.com,0,3,0,0,1,14,0,0,0,0,0,0,1,0,0,0,william
869,Torrey19@mail.com,19,1,1,0,0,8,0,0,0,0,1,0,0,0,0,0,Torrey19
870,Al10@protonmail.com,10,0,1,0,0,4,0,0,0,0,0,0,0,1,0,0,Al10
871,laura_1992.brown@company.co.uk,1992,1,1,1,1,16,0,0,0,0,0,1,0,0,0,0,laura
872,samuel.evans1730@gmail.com,1730,3,1,0,1,16,0,1,0,0,0,0,0,0,0,0,samuel
873,Madalyn_Schroeder66@outlook.com,66,2,1,1,0,19,0,0,0,0,0,0,1,0,0,0,Madalyn
874,daniel.phillips@hotmail.com,0,3,0,0,1,15,0,0,1,0,0,0,0,0,0,0,daniel
875,Evan93@yahoo.com,93,1,1,0,0,6,0,0,0,0,0,0,0,0,0,1,Evan93
876,Kadin.Kutch@aol.com,0,2,0,0,1,11,1,0,0,0,0,0,0,0,0,0,Kadin
877,Claud_Boyle81@aol.com,81,1,1,1,0,13,1,0,0,0,0,0,0,0,0,0,Claud
878,Wanda74@outlook.com,74,1,1,0,0,7,0,0,0,0,0,0,1,0,0,0,Wanda74
879,anna.hall87@yahoo.com,87,1,1,0,1,11,0,0,0,0,0,0,0,0,0,1,anna
880,paul.davis@yahoo.com,0,3,0,0,1,10,0,0,0,0,0,0,0,0,0,1,paul
881,john.anderson@protonmail.com,0,0,0,0,1,13,0,0,0,0,0,0,0,1,0,0,john
882,Rosario_Jaskolski94@protonmail.com,94,0,1,1,0,19,0,0,0,0,0,0,0,1,0,0,Rosario
883,kevin.sanders89@gmail.com,89,1,1,0,1,15,0,1,0,0,0,0,0,0,0,0,kevin
884,Gerald.Carroll68@mail.com,68,2,1,0,1,16,0,0,0,0,1,0,0,0,0,0,Gerald
885,jason.brown85@gmail.com,85,1,1,0,1,13,0,1,0,0,0,0,0,0,0,0,jason
886,nicholas_phillips1982@gmail.com,1982,1,1,1,0,21,0,1,0,0,0,0,0,0,0,0,nicholas
887,Antwon.Harvey@protonmail.com,0,0,0,0,1,13,0,0,0,0,0,0,0,1,0,0,Antwon
888,tom_clark.6543@mail.service.com,6543,3,1,1,1,14,0,0,0,0,0,1,0,0,0,0,tom
889,anna65_burn@hotmail.com,65,2,1,1,0,11,0,0,1,0,0,0,0,0,0,0,anna65
890,Arnold12@tutanota.com,12,0,1,0,0,8,0,0,0,0,0,0,0,0,1,0,Arnold12
891,michael_davis1988@gmail.com,1988,1,1,1,0,17,0,1,0,0,0,0,0,0,0,0,michael
892,robert.carter@hotmail.com,0,3,0,0,1,13,0,0,1,0,0,0,0,0,0,0,robert
893,victoria1998_carter@yahoo.com,1998,0,1,1,0,19,0,0,0,0,0,0,0,0,0,1,victoria1998
894,emma.watson1821@gmail.com,1821,3,1,0,1,15,0,1,0,0,0,0,0,0,0,0,emma
895,jasmine_ross2004@gmail.com,2004,0,1,1,0,16,0,1,0,0,0,0,0,0,0,0,jasmine
896,james.clark@yahoo.com,0,3,0,0,1,11,0,0,0,0,0,0,0,0,0,1,james
897,1994_kathy_jones@icloud.com,1994,0,1,1,0,16,0,0,0,1,0,0,0,0,0,0,1994
898,ethan27_heat@yahoo.com,27,3,1,1,0,12,0,0,0,0,0,0,0,0,0,1,ethan27
899,Eldora_Simonis@tutanota.com,0,0,0,1,0,14,0,0,0,0,0,0,0,0,1,0,Eldora
900,catherine.davis@gmail.com,0,3,0,0,1,15,0,1,0,0,0,0,0,0,0,0,catherine
901,mason74_fire@hotmail.com,74,1,1,1,0,12,0,0,1,0,0,0,0,0,0,0,mason74
902,david2005_king@hotmail.com,2005,0,1,1,0,14,0,0,1,0,0,0,0,0,0,0,david2005
903,Christina23@protonmail.com,23,0,1,0,0,11,0,0,0,0,0,0,0,1,0,0,Christina23
904,emily_jones1992@gmail.com,1992,1,1,1,0,15,0,1,0,0,0,0,0,0,0,0,emily
905,chris.lee69@hotmail.com,69,2,1,0,1,11,0,0,1,0,0,0,0,0,0,0,chris
906,Verlie53@gmail.com,53,2,1,0,0,8,0,1,0,0,0,0,0,0,0,0,Verlie53
907,Kurt72@yahoo.com,72,2,1,0,0,6,0,0,0,0,0,0,0,0,0,1,Kurt72
908,abigail_powell3456@yahoo.com,3456,3,1,1,0,18,0,0,0,0,0,0,0,0,0,1,abigail
909,luke2003@protonmail.com,2003,0,1,0,0,8,0,0,0,0,0,0,0,1,0,0,luke2003
910,ryan_williams2001@gmail.com,2001,0,1,1,0,17,0,1,0,0,0,0,0,0,0,0,ryan
911,william.moore@icloud.com,0,0,0,0,1,13,0,0,0,1,0,0,0,0,0,0,william
912,margaret.davis@outlook.com,0,3,0,0,1,14,0,0,0,0,0,0,1,0,0,0,margaret
913,Dillan52@icloud.com,52,2,1,0,0,8,0,0,0,1,0,0,0,0,0,0,Dillan52
914,Lauren.Waelchi41@gmail.com,41,3,1,0,1,16,0,1,0,0,0,0,0,0,0,0,Lauren
915,Tanya.Watsica@gmail.com,0,3,0,0,1,13,0,1,0,0,0,0,0,0,0,0,Tanya
916,anna2004_jones@hotmail.com,2004,0,1,1,0,14,0,0,1,0,0,0,0,0,0,0,anna2004
917,jacob1986_baker@gmail.com,1986,1,1,1,0,15,0,1,0,0,0,0,0,0,0,0,jacob1986
918,amanda1989_roberts@hotmail.com,1989,1,1,1,0,18,0,0,1,0,0,0,0,0,0,0,amanda1989
919,katherine.hill@outlook.com,0,3,0,0,1,14,0,0,0,0,0,0,1,0,0,0,katherine
920,william.morris@icloud.com,0,0,0,0,1,14,0,0,0,1,0,0,0,0,0,0,william
921,emma_adams2000@gmail.com,2000,0,1,1,0,14,0,1,0,0,0,0,0,0,0,0,emma
922,charles.wilson@aol.com,0,2,0,0,1,14,1,0,0,0,0,0,0,0,0,0,charles
923,Rhoda67@gmail.com,67,2,1,0,0,7,0,1,0,0,0,0,0,0,0,0,Rhoda67
924,Hollis96@gmail.com,96,0,1,0,0,8,0,1,0,0,0,0,0,0,0,0,Hollis96
925,Alvah.Carter@tutanota.com,0,0,0,0,1,12,0,0,0,0,0,0,0,0,1,0,Alvah
926,hannah.baker@yahoo.com,0,3,0,0,1,12,0,0,0,0,0,0,0,0,0,1,hannah
927,Jackson.Kuhic41@protonmail.com,41,0,1,0,1,15,0,0,0,0,0,0,0,1,0,0,Jackson
928,lucas7812@outlook.com,7812,3,1,0,0,9,0,0,0,0,0,0,1,0,0,0,lucas7812
929,robert..walker@aol.com,0,2,0,0,1,14,1,0,0,0,0,0,0,0,0,0,robert
930,mary.cook@outlook.com,0,3,0,0,1,9,0,0,0,0,0,0,1,0,0,0,mary
931,dylan.richards83@gmail.com,83,1,1,0,1,16,0,1,0,0,0,0,0,0,0,0,dylan
932,abigail.powell56@yahoo.com,56,2,1,0,1,16,0,0,0,0,0,0,0,0,0,1,abigail
933,Delilah_Bernier-Wintheiser@yahoo.com,0,3,0,1,0,26,0,0,0,0,0,0,0,0,0,1,Delilah
934,Aida.Hermiston@outlook.com,0,3,0,0,1,14,0,0,0,0,0,0,1,0,0,0,Aida
935,hailey_bryant1983@gmail.com,1983,1,1,1,0,17,0,1,0,0,0,0,0,0,0,0,hailey
936,Alphonso.Schowalter51@gmail.com,51,2,1,0,1,21,0,1,0,0,0,0,0,0,0,0,Alphonso
937,adam_price1987@gmail.com,1987,1,1,1,0,14,0,1,0,0,0,0,0,0,0,0,adam
938,paul.cook@icloud.com,0,0,0,0,1,9,0,0,0,1,0,0,0,0,0,0,paul
939,l.green2001@protonmail.com,2001,0,1,0,1,11,0,0,0,0,0,0,0,1,0,0,l
940,Willis17@gmail.com,17,3,1,0,0,8,0,1,0,0,0,0,0,0,0,0,Willis17
941,Alexane45@aol.com,45,2,1,0,0,9,1,0,0,0,0,0,0,0,0,0,Alexane45
942,Jermain_Dach61@gmail.com,61,2,1,1,0,14,0,1,0,0,0,0,0,0,0,0,Jermain
943,Dorris.Lueilwitz@tutanota.com,0,0,0,0,1,16,0,0,0,0,0,0,0,0,1,0,Dorris
944,Hassan.OReilly23@outlook.com,23,3,1,0,1,16,0,0,0,0,0,0,1,0,0,0,Hassan
945,alexis1993_cooper@gmail.com,1993,1,1,1,0,17,0,1,0,0,0,0,0,0,0,0,alexis1993
946,Soledad_Daniel75@gmail.com,75,1,1,1,0,16,0,1,0,0,0,0,0,0,0,0,Soledad
947,dorothy.phillips1784@gmail.com,1784,3,1,0,1,20,0,1,0,0,0,0,0,0,0,0,dorothy
948,betty_1994hill@icloud.com,1994,0,1,1,0,14,0,0,0,1,0,0,0,0,0,0,betty
949,mary.bryant@outlook.com,0,3,0,0,1,11,0,0,0,0,0,0,1,0,0,0,mary
950,anna.harris1829@gmail.com,1829,3,1,0,1,15,0,1,0,0,0,0,0,0,0,0,anna
951,emma.jones@gmail.com,0,3,0,0,1,10,0,1,0,0,0,0,0,0,0,0,emma
952,5432_tina_jones@icloud.com,5432,0,1,1,0,15,0,0,0,1,0,0,0,0,0,0,5432
953,Fae71@tutanota.com,71,2,1,0,0,5,0,0,0,0,0,0,0,0,1,0,Fae71
954,margaret.harris@outlook.com,0,3,0,0,1,15,0,0,0,0,0,0,1,0,0,0,margaret
955,mason9904@icloud.com,9904,0,1,0,0,9,0,0,0,1,0,0,0,0,0,0,mason9904
956,james.wilson1805@gmail.com,1805,3,1,0,1,16,0,1,0,0,0,0,0,0,0,0,james
957,Delilah_Bernier-Wintheiser@yahoo.com,0,3,0,1,0,26,0,0,0,0,0,0,0,0,0,1,Delilah
958,nathan.jones@protonmail.com,0,0,0,0,1,12,0,0,0,0,0,0,0,1,0,0,nathan
959,alice.evans@icloud.com,0,0,0,0,1,11,0,0,0,1,0,0,0,0,0,0,alice
960,george.green@hotmail.com,0,3,0,0,1,12,0,0,1,0,0,0,0,0,0,0,george
961,olivia_johnson1991@gmail.com,1991,1,1,1,0,18,0,1,0,0,0,0,0,0,0,0,olivia
962,Percy92@protonmail.com,92,1,1,0,0,7,0,0,0,0,0,0,0,1,0,0,Percy92
963,lee_michael1989@yahoo.com,1989,1,1,1,0,15,0,0,0,0,0,0,0,0,0,1,lee
964,charles.davis@aol.com,0,2,0,0,1,13,1,0,0,0,0,0,0,0,0,0,charles
965,Jayson.Kohler@tutanota.com,0,0,0,0,1,13,0,0,0,0,0,0,0,0,1,0,Jayson
966,Arlene.Kuphal@protonmail.com,0,0,0,0,1,13,0,0,0,0,0,0,0,1,0,0,Arlene
967,chris.roberts96@gmail.com,96,0,1,0,1,15,0,1,0,0,0,0,0,0,0,0,chris
968,claire.harris87@outlook.com,87,1,1,0,1,15,0,0,0,0,0,0,1,0,0,0,claire
969,anna_hall1987@yahoo.com,1987,1,1,1,0,13,0,0,0,0,0,0,0,0,0,1,anna
970,logan95_flicker@outlook.com,95,0,1,1,0,15,0,0,0,0,0,0,1,0,0,0,logan95
971,nancy.baker@outlook.com,0,3,0,0,1,11,0,0,0,0,0,0,1,0,0,0,nancy
972,susan.jackson1768@gmail.com,1768,3,1,0,1,17,0,1,0,0,0,0,0,0,0,0,susan
973,mary.moore1657@gmail.com,1657,3,1,0,1,14,0,1,0,0,0,0,0,0,0,0,mary
974,catherine.lewis1815@gmail.com,1815,3,1,0,1,19,0,1,0,0,0,0,0,0,0,0,catherine
975,kelly1997@yahoo.com,1997,0,1,0,0,9,0,0,0,0,0,0,0,0,0,1,kelly1997
976,johnson.michael90@yahoo.com,90,1,1,0,1,17,0,0,0,0,0,0,0,0,0,1,johnson
977,Annabell20@tutanota.com,20,0,1,0,0,10,0,0,0,0,0,0,0,0,1,0,Annabell20
978,daniel.scott80@outlook.com,80,1,1,0,1,14,0,0,0,0,0,0,1,0,0,0,daniel
979,Breanne74@gmail.com,74,1,1,0,0,9,0,1,0,0,0,0,0,0,0,0,Breanne74
980,Herminia.Brekke@gmail.com,0,3,0,0,1,15,0,1,0,0,0,0,0,0,0,0,Herminia
981,william1988.smith@outlook.com,1988,1,1,0,1,17,0,0,0,0,0,0,1,0,0,0,william1988
982,Nikolas54@outlook.com,54,2,1,0,0,9,0,0,0,0,0,0,1,0,0,0,Nikolas54
983,samantha_miller1996@gmail.com,1996,0,1,1,0,19,0,1,0,0,0,0,0,0,0,0,samantha
984,sophia.anderson@protonmail.com,0,0,0,0,1,15,0,0,0,0,0,0,0,1,0,0,sophia
985,Harvey.Ullrich@tutanota.com,0,0,0,0,1,14,0,0,0,0,0,0,0,0,1,0,Harvey
986,hannah.phillips@hotmail.com,0,3,0,0,1,15,0,0,1,0,0,0,0,0,0,0,hannah
987,Amber.Bogisich21@gmail.com,21,3,1,0,1,16,0,1,0,0,0,0,0,0,0,0,Amber
988,jessica_evans2004@gmail.com,2004,0,1,1,0,17,0,1,0,0,0,0,0,0,0,0,jessica
989,Destini63@tutanota.com,63,2,1,0,0,9,0,0,0,0,0,0,0,0,1,0,Destini63
990,james.lewis@protonmail.com,0,0,0,0,1,11,0,0,0,0,0,0,0,1,0,0,james
991,samantha14_gleam@icloud.com,14,0,1,1,0,16,0,0,0,1,0,0,0,0,0,0,samantha14
992,Dario.Hilpert@gmail.com,0,3,0,0,1,13,0,1,0,0,0,0,0,0,0,0,Dario
993,mary.bell@icloud.com,0,0,0,0,1,9,0,0,0,1,0,0,0,0,0,0,mary
994,Carolina.Hoppe80@gmail.com,80,1,1,0,1,16,0,1,0,0,0,0,0,0,0,0,Carolina
995,tyler_long1993@gmail.com,1993,1,1,1,0,14,0,1,0,0,0,0,0,0,0,0,tyler
996,nancy.morris@yahoo.com,0,3,0,0,1,12,0,0,0,0,0,0,0,0,0,1,nancy
997,andrew.adams1790@gmail.com,1790,3,1,0,1,16,0,1,0,0,0,0,0,0,0,0,andrew
998,britney2002@icloud.com,2002,0,1,0,0,11,0,0,0,1,0,0,0,0,0,0,britney2002
999,Sierra43@outlook.com,43,3,1,0,0,8,0,0,0,0,0,0,1,0,0,0,Sierra43
1000,hannah.thomas@outlook.com,0,3,0,0,1,13,0,0,0,0,0,0,1,0,0,0,hannah
1001,john.smith1750@gmail.com,1750,3,1,0,1,14,0,1,0,0,0,0,0,0,0,0,john
1002,peter.morgan1669@gmail.com,1669,3,1,0,1,16,0,1,0,0,0,0,0,0,0,0,peter
1003,charles.green@hotmail.com,0,3,0,0,1,13,0,0,1,0,0,0,0,0,0,0,charles
1004,isaac.hughes1658@gmail.com,1658,3,1,0,1,16,0,1,0,0,0,0,0,0,0,0,isaac
1005,robert.turner54@protonmail.com,54,2,1,0,1,15,0,0,0,0,0,0,0,1,0,0,robert
1006,Matt_Lesch87@aol.com,87,1,1,1,0,12,1,0,0,0,0,0,0,0,0,0,Matt
1007,andrew97_flame@gmail.com,97,0,1,1,0,14,0,1,0,0,0,0,0,0,0,0,andrew97
1008,Odie.Greenholt69@aol.com,69,2,1,0,1,16,1,0,0,0,0,0,0,0,0,0,Odie
1009,patricia.bailey@yahoo.com,0,3,0,0,1,15,0,0,0,0,0,0,0,0,0,1,patricia
1010,zoe.bryant19@aol.com,19,2,1,0,1,12,1,0,0,0,0,0,0,0,0,0,zoe
1011,ethan.white02@protonmail.com,02,0,1,0,1,13,0,0,0,0,0,0,0,1,0,0,ethan
1012,michael.adams@gmail.com,0,3,0,0,1,13,0,1,0,0,0,0,0,0,0,0,michael
1013,Hertha_VonRueden@aol.com,0,2,0,1,0,16,1,0,0,0,0,0,0,0,0,0,Hertha
1014,ryan_cooper2001@gmail.com,2001,0,1,1,0,15,0,1,0,0,0,0,0,0,0,0,ryan
1015,simon.adams@gmail.com,0,3,0,0,1,11,0,1,0,0,0,0,0,0,0,0,simon
1016,Mathilde2@gmail.com,2,3,1,0,0,9,0,1,0,0,0,0,0,0,0,0,Mathilde2
1017,jason.lee77@yahoo.com,77,1,1,0,1,11,0,0,0,0,0,0,0,0,0,1,jason
1018,Jedidiah_Glover9@gmail.com,9,3,1,1,0,16,0,1,0,0,0,0,0,0,0,0,Jedidiah
1019,nathan.brown@icloud.com,0,0,0,0,1,12,0,0,0,1,0,0,0,0,0,0,nathan
1020,madison.butler89@outlook.com,89,1,1,0,1,16,0,0,0,0,0,0,1,0,0,0,madison
1021,Roel37@yahoo.com,37,3,1,0,0,6,0,0,0,0,0,0,0,0,0,1,Roel37
1022,laura.walker@protonmail.com,0,0,0,0,1,12,0,0,0,0,0,0,0,1,0,0,laura
1023,Marianna_Pfeffer@gmail.com,0,3,0,1,0,16,0,1,0,0,0,0,0,0,0,0,Marianna
1024,Soledad_Rau76@protonmail.com,76,1,1,1,0,13,0,0,0,0,0,0,0,1,0,0,Soledad
1025,Chanelle71@outlook.com,71,2,1,0,0,10,0,0,0,0,0,0,1,0,0,0,Chanelle71
1026,lily.thompson57@aol.com,57,2,1,0,1,15,1,0,0,0,0,0,0,0,0,0,lily
1027,kevin_brooks1997@gmail.com,1997,0,1,1,0,16,0,1,0,0,0,0,0,0,0,0,kevin
1028,Reymundo.Bayer93@aol.com,93,1,1,0,1,16,1,0,0,0,0,0,0,0,0,0,Reymundo
1029,Alfonzo_Hermiston72@yahoo.com,72,2,1,1,0,19,0,0,0,0,0,0,0,0,0,1,Alfonzo
1030,mia_smith7890@gmail.com,7890,3,1,1,0,13,0,1,0,0,0,0,0,0,0,0,mia
1031,zoe27_flame@aol.com,27,2,1,1,0,11,1,0,0,0,0,0,0,0,0,0,zoe27
1032,dylan_richards1983@gmail.com,1983,1,1,1,0,18,0,1,0,0,0,0,0,0,0,0,dylan
1033,Aiden81@gmail.com,81,1,1,0,0,7,0,1,0,0,0,0,0,0,0,0,Aiden81
1034,hailey.sanders67@gmail.com,67,2,1,0,1,16,0,1,0,0,0,0,0,0,0,0,hailey
1035,chris92_shine@gmail.com,92,1,1,1,0,13,0,1,0,0,0,0,0,0,0,0,chris92
1036,michael1998@hotmail.com,1998,0,1,0,0,11,0,0,1,0,0,0,0,0,0,0,michael1998
1037,matthew.roberts@protonmail.com,0,0,0,0,1,15,0,0,0,0,0,0,0,1,0,0,matthew
1038,Bobbie_Bins@yahoo.com,0,3,0,1,0,11,0,0,0,0,0,0,0,0,0,1,Bobbie
1039,Beatrice.Block@tutanota.com,0,0,0,0,1,14,0,0,0,0,0,0,0,0,1,0,Beatrice
1040,robert_turner87654@protonmail.com,87654,0,1,1,0,18,0,0,0,0,0,0,0,1,0,0,robert
1041,Romaine79@outlook.com,79,1,1,0,0,9,0,0,0,0,0,0,1,0,0,0,Romaine79
1042,sophia.roberts@protonmail.com,0,0,0,0,1,14,0,0,0,0,0,0,0,1,0,0,sophia
1043,Thea65@yahoo.com,65,2,1,0,0,6,0,0,0,0,0,0,0,0,0,1,Thea65
1044,david.king1810@gmail.com,1810,3,1,0,1,14,0,1,0,0,0,0,0,0,0,0,david
1045,Vidal_Wintheiser@gmail.com,0,3,0,1,0,16,0,1,0,0,0,0,0,0,0,0,Vidal
1046,Korey39@icloud.com,39,0,1,0,0,7,0,0,0,1,0,0,0,0,0,0,Korey39
1047,Sierra43@outlook.com,43,3,1,0,0,8,0,0,0,0,0,0,1,0,0,0,Sierra43
1048,charles.mitchell@icloud.com,0,0,0,0,1,16,0,0,0,1,0,0,0,0,0,0,charles
1049,amanda.williams56@icloud.com,56,2,1,0,1,17,0,0,0,1,0,0,0,0,0,0,amanda
1050,margaret@anderson@hotmail.com,0,3,0,0,0,8,0,0,1,0,0,0,0,0,0,0,margaret
1051,Guadalupe_Schiller-Renner79@gmail.com,79,1,1,1,0,27,0,1,0,0,0,0,0,0,0,0,Guadalupe
1052,ava_6657@aol.com,6657,2,1,1,0,8,1,0,0,0,0,0,0,0,0,0,ava
1053,Daphney91@gmail.com,91,1,1,0,0,9,0,1,0,0,0,0,0,0,0,0,Daphney91
1054,Ross5@gmail.com,5,3,1,0,0,5,0,1,0,0,0,0,0,0,0,0,Ross5
1055,henry.jackson@yahoo.com,0,3,0,0,1,13,0,0,0,0,0,0,0,0,0,1,henry
1056,Earl72@aol.com,72,2,1,0,0,6,1,0,0,0,0,0,0,0,0,0,Earl72
1057,tyler1995_hayes@gmail.com,1995,0,1,1,0,15,0,1,0,0,0,0,0,0,0,0,tyler1995
1058,Darrion.Corkery@gmail.com,0,3,0,0,1,15,0,1,0,0,0,0,0,0,0,0,Darrion
1059,Lyla.Frami20@yahoo.com,20,3,1,0,1,12,0,0,0,0,0,0,0,0,0,1,Lyla
1060,Greg_Friesen@yahoo.com,0,3,0,1,0,12,0,0,0,0,0,0,0,0,0,1,Greg
1061,simon.peters@hotmail.com,0,3,0,0,1,12,0,0,1,0,0,0,0,0,0,0,simon
1062,joshua_bell2000@gmail.com,2000,0,1,1,0,15,0,1,0,0,0,0,0,0,0,0,joshua
1063,Ruthe.Toy@tutanota.com,0,0,0,0,1,9,0,0,0,0,0,0,0,0,1,0,Ruthe
1064,martha.wright@yahoo.com,0,3,0,0,1,13,0,0,0,0,0,0,0,0,0,1,martha
1065,daniel.cook1817@gmail.com,1817,3,1,0,1,15,0,1,0,0,0,0,0,0,0,0,daniel
1066,Giovani_Bechtelar@gmail.com,0,3,0,1,0,17,0,1,0,0,0,0,0,0,0,0,Giovani
1067,madeline25_spark@aol.com,25,2,1,1,0,16,1,0,0,0,0,0,0,0,0,0,madeline25
1068,grace.hughes@hotmail.com,0,3,0,0,1,12,0,0,1,0,0,0,0,0,0,0,grace
1069,grace92_anderson@protonmail.com,92,1,1,1,0,16,0,0,0,0,0,0,0,1,0,0,grace92
1070,Marshall_Upton32@mail.com,32,1,1,1,0,16,0,0,0,0,1,0,0,0,0,0,Marshall
1071,caleb1996_phillips@icloud.com,1996,0,1,1,0,18,0,0,0,1,0,0,0,0,0,0,caleb1996
1072,Floyd_Lueilwitz@tutanota.com,0,0,0,1,0,15,0,0,0,0,0,0,0,0,1,0,Floyd
