email,username,domain,valid_email,digits,len_digits,len_username,has_underscore,has_dot,has_hyphen,has_special_char,len_capital,age
Elody_OConner51@gmail.com,Elody_OConner51,gmail.com,True,51,2,15,1,0,0,0,3,old
lily.long85@yahoo.com,lily.long85,yahoo.com,True,85,2,11,0,1,0,1,0,medium
simon.ward@protonmailcom,simon.ward,protonmail.com,False,12345,0,10,0,1,0,1,0,unsure
benjamin.phillips@hotmail.com,benjamin.phillips,hotmail.com,True,12345,0,17,0,1,0,1,0,unsure
robert.walker@aol.com,robert.walker,aol.com,True,12345,0,13,0,1,0,1,0,unsure
samantha_turner1987@gmail.com,samantha_turner1987,gmail.com,True,1987,4,19,1,0,0,0,0,medium
matthew7843@icloud.com,matthew7843,icloud.com,True,7843,4,11,0,0,0,0,0,young
"matthew.lewis@gmail,",matthew.lewis,gmail.com,False,12345,0,13,0,1,0,1,0,unsure
Jerrod_Considine79@yahoo.com,Jerrod_Considine79,yahoo.com,True,79,2,18,1,0,0,0,2,medium
Beverly_Renner@outlook.com,Beverly_Renner,outlook.com,True,12345,0,14,1,0,0,0,2,unsure
smith.kelly1996@aol.com,smith.kelly1996,aol.com,True,1996,4,15,0,1,0,1,0,young
michael.kane1986@hotmail.com,michael.kane1986,hotmail.com,True,1986,4,16,0,1,0,1,0,medium
Dock_King@yahoo.com,Dock_King,yahoo.com,True,12345,0,9,1,0,0,0,2,unsure
Elmo_Weissnat@mail.com,Elmo_Weissnat,mail.com,True,12345,0,13,1,0,0,0,2,old
Nils_Pacocha24@tutanota.com,Nils_Pacocha24,tutanota.com,True,24,2,14,1,0,0,0,2,unsure
claire_harris9987@outlook.com,claire_harris9987,outlook.com,True,9987,4,17,1,0,0,0,0,unsure
"peter.jackson@aol,",peter.jackson,aol.com,False,12345,0,13,0,1,0,1,0,unsure
paul.baker@aolcom,paul.baker,aol.com,False,12345,0,10,0,1,0,1,0,medium
Maiya.Huel47@aol.com,Maiya.Huel47,aol.com,True,47,2,12,0,1,0,1,2,old
zoe1983_barnes@aol.com,zoe1983_barnes,aol.com,True,1983,4,14,1,0,0,0,0,medium
Jaclyn.Littel@aol.com,Jaclyn.Littel,aol.com,True,12345,0,13,0,1,0,1,2,old
mary.green@yahoo.com,mary.green,yahoo.com,True,12345,0,10,0,1,0,1,0,medium
mandy.04@gmail.com,mandy.04,gmail.com,True,04,2,8,0,1,0,1,0,young
laura.foster@icloud..com,laura.foster,icloud.com,False,12345,0,12,0,1,0,1,0,medium
jessica.evans04@gmail.com,jessica.evans04,gmail.com,True,04,2,15,0,1,0,1,0,young
nathan.james95@outlook.com,nathan.james95,outlook.com,True,95,2,14,0,1,0,1,0,young
Raina.OHara70@outlook.com,Raina.OHara70,outlook.com,True,70,2,13,0,1,0,1,3,old
luke_barnes2006@gmail.com,luke_barnes2006,gmail.com,True,2006,4,15,1,0,0,0,0,young
"nathan.brooks@icloud,com",nathan.brooks,icloud.com,False,12345,0,13,0,1,0,1,0,unsure
matthew.roberts@protonmail.com,matthew.roberts,protonmail.com,True,12345,0,15,0,1,0,1,0,unsure
susan.brown@gmail.com,susan.brown,gmail.com,True,12345,0,11,0,1,0,1,0,medium
natalie9872_smith@yahoo.com,natalie9872_smith,yahoo.com,True,9872,4,17,1,0,0,0,0,unsure
peter.ward@gmail.com,peter.ward,gmail.com,True,12345,0,10,0,1,0,1,0,medium
rebecca.thomas@hotmail.com,rebecca.thomas,hotmail.com,True,12345,0,14,0,1,0,1,0,unsure
"amelia.simmons@yahoo,",amelia.simmons,yahoo.com,False,12345,0,14,0,1,0,1,0,young
carter85_burn@hotmail.com,carter85_burn,hotmail.com,True,85,2,13,1,0,0,0,0,medium
amanda78_flash@hotmail.com,amanda78_flash,hotmail.com,True,78,2,14,1,0,0,0,0,medium
Ernie88@icloud.com,Ernie88,icloud.com,True,88,2,7,0,0,0,0,1,medium
"sophia.brown@hotmail,com",sophia.brown,hotmail.com,False,12345,0,12,0,1,0,1,0,young
Kennedy.Schmidt59@gmail.com,Kennedy.Schmidt59,gmail.com,True,59,2,17,0,1,0,1,2,old
james1980_clark@gmail.com,james1980_clark,gmail.com,True,1980,4,15,1,0,0,0,0,medium
Morris_Vandervort@gmail.com,Morris_Vandervort,gmail.com,True,12345,0,17,1,0,0,0,2,unsure
Ayden28@yahoo.com,Ayden28,yahoo.com,True,28,2,7,0,0,0,0,1,unsure
zoe_richards1995@gmail.com,zoe_richards1995,gmail.com,True,1995,4,16,1,0,0,0,0,young
hailey1998_turner@gmail.com,hailey1998_turner,gmail.com,True,1998,4,17,1,0,0,0,0,young
anna.harris@icloud.com,anna.harris,icloud.com,True,12345,0,11,0,1,0,1,0,medium
david.roberts81@gmail.com,david.roberts81,gmail.com,True,81,2,15,0,1,0,1,0,medium
alice.evans@icloud..,alice.evans,icloud.com,False,12345,0,11,0,1,0,1,0,medium
Jose_Hayes62@mail.com,Jose_Hayes62,mail.com,True,62,2,12,1,0,0,0,2,old
victoria_carter1984@yahoo.com,victoria_carter1984,yahoo.com,True,1984,4,19,1,0,0,0,0,medium
robert.mitchell@gmail.com,robert.mitchell,gmail.com,True,12345,0,15,0,1,0,1,0,unsure
eliza.brooks1702@gmail.com,eliza.brooks1702,gmail.com,True,1702,4,16,0,1,0,1,0,unsure
emily.wood1696@gmail.com,emily.wood1696,gmail.com,True,1696,4,14,0,1,0,1,0,unsure
alexis43_flare@gmail.com,alexis43_flare,gmail.com,True,43,2,14,1,0,0,0,0,unsure
Roel37@yahoo.com,Roel37,yahoo.com,True,37,2,6,0,0,0,0,1,unsure
david66_glow@hotmail.com,david66_glow,hotmail.com,True,66,2,12,1,0,0,0,0,old
madeline1986_ross@aol.com,madeline1986_ross,aol.com,True,1986,4,17,1,0,0,0,0,medium
samantha1996_green@icloud.com,samantha1996_green,icloud.com,True,1996,4,18,1,0,0,0,0,young
madison1991_bell@outlook.com,madison1991_bell,outlook.com,True,1991,4,16,1,0,0,0,0,medium
john.morris@gmail.com,john.morris,gmail.com,True,12345,0,11,0,1,0,1,0,medium
Clement.Stamm37@gmail.com,Clement.Stamm37,gmail.com,True,37,2,15,0,1,0,1,2,unsure
emma.johnson1999@outlook.com,emma.johnson1999,outlook.com,True,1999,4,16,0,1,0,1,0,young
Alanna.Bode-Altenwerth66@yahoo.com,Alanna.Bode-Altenwerth66,yahoo.com,True,66,2,24,0,1,1,1,3,old
rebecca.scott@outlook.com,rebecca.scott,outlook.com,True,12345,0,13,0,1,0,1,0,young
Chanelle71@outlook.com,Chanelle71,outlook.com,True,71,2,10,0,0,0,0,1,old
martha@wright@yahoo.com,marthawright,yahoo.com,True,12345,0,12,0,0,0,0,0,unsure
logan_turner1998@outlook.com,logan_turner1998,outlook.com,True,1998,4,16,1,0,0,0,0,young
emily.smith06@outlook.com,emily.smith06,outlook.com,True,06,2,13,0,1,0,1,0,young
kevin_2003thompson@gmail.com,kevin_2003thompson,gmail.com,True,2003,4,18,1,0,0,0,0,young
mark.smith2004@gmail.com,mark.smith2004,gmail.com,True,2004,4,14,0,1,0,1,0,young
Kameron21@mail.com,Kameron21,mail.com,True,21,2,9,0,0,0,0,1,unsure
thomas.hall@gmail.com,thomas.hall,gmail.com,True,12345,0,11,0,1,0,1,0,medium
logan.turner98@outlook.com,logan.turner98,outlook.com,True,98,2,14,0,1,0,1,0,young
Joana.Zboncak@icloud.com,Joana.Zboncak,icloud.com,True,12345,0,13,0,1,0,1,2,old
rachel.perez45@icloud.com,rachel.perez45,icloud.com,True,45,2,14,0,1,0,1,0,unsure
Giovanni_Tremblay60@aol.com,Giovanni_Tremblay60,aol.com,True,60,2,19,1,0,0,0,2,old
megan.wilson21@hotmail.com,megan.wilson21,hotmail.com,True,21,2,14,0,1,0,1,0,unsure
rebecca.bryant@protonmail.com,rebecca.bryant,protonmail.com,True,12345,0,14,0,1,0,1,0,unsure
Neal.McGlynn@gmail.com,Neal.McGlynn,gmail.com,True,12345,0,12,0,1,0,1,3,old
rachel11_flare@icloud.com,rachel11_flare,icloud.com,True,11,2,14,1,0,0,0,0,unsure
Mekhi60@icloud.com,Mekhi60,icloud.com,True,60,2,7,0,0,0,0,1,old
Evan93@yahoo.com,Evan93,yahoo.com,True,93,2,6,0,0,0,0,1,medium
rachel.bailey1723@gmail.com,rachel.bailey1723,gmail.com,True,1723,4,17,0,1,0,1,0,unsure
hannah_8764hill@icloud.com,hannah_8764hill,icloud.com,True,8764,4,15,1,0,0,0,0,unsure
sophia.jones03@gmail.com,sophia.jones03,gmail.com,True,03,2,14,0,1,0,1,0,young
elizabeth.roberts@hotmail.com,elizabeth.roberts,hotmail.com,True,12345,0,17,0,1,0,1,0,unsure
Susan13@tutanota.com,Susan13,tutanota.com,True,13,2,7,0,0,0,0,1,medium
sarah.carter@yahoo,sarah.carter,yahoo.com,False,12345,0,12,0,1,0,1,0,unsure
madeline.ross05@aol.com,madeline.ross05,aol.com,True,05,2,15,0,1,0,1,0,young
victoria_james2005@gmail.com,victoria_james2005,gmail.com,True,2005,4,18,1,0,0,0,0,young
Jaclyn_Cole@gmail.com,Jaclyn_Cole,gmail.com,True,12345,0,11,1,0,0,0,2,unsure
Shawn.Rowe58@tutanota.com,Shawn.Rowe58,tutanota.com,True,58,2,12,0,1,0,1,2,old
logan_wright2003@gmail.com,logan_wright2003,gmail.com,True,2003,4,16,1,0,0,0,0,young
thomas.jones@hotmail.com,thomas.jones,hotmail.com,True,12345,0,12,0,1,0,1,0,young
emma76_flash@gmail.com,emma76_flash,gmail.com,True,76,2,12,1,0,0,0,0,medium
nathan_martin2003@gmail.com,nathan_martin2003,gmail.com,True,2003,4,17,1,0,0,0,0,young
Adaline.Mills@gmail.com,Adaline.Mills,gmail.com,True,12345,0,13,0,1,0,1,2,old
Zoie73@outlook.com,Zoie73,outlook.com,True,73,2,6,0,0,0,0,1,old
jacob_green2005@yahoo.com,jacob_green2005,yahoo.com,True,2005,4,15,1,0,0,0,0,young
sophia.adams@yahoo.com,sophia.adams,yahoo.com,True,12345,0,12,0,1,0,1,0,unsure
samuel.morgan@gmail.com,samuel.morgan,gmail.com,True,12345,0,13,0,1,0,1,0,unsure
matthew.adams@protonmail.com,matthew.adams,protonmail.com,True,12345,0,13,0,1,0,1,0,unsure
Zita.Herman35@outlook.com,Zita.Herman35,outlook.com,True,35,2,13,0,1,0,1,2,old
Darrel_Roberts15@protonmail.com,Darrel_Roberts15,protonmail.com,True,15,2,16,1,0,0,0,2,unsure
Nathen.Boehm@protonmail.com,Nathen.Boehm,protonmail.com,True,12345,0,12,0,1,0,1,2,old
lily.thompson57@aol.com,lily.thompson57,aol.com,True,57,2,15,0,1,0,1,0,old
noah5563@yahoo.com,noah5563,yahoo.com,True,5563,4,8,0,0,0,0,0,young
adam.henderson32@gmail.com,adam.henderson32,gmail.com,True,32,2,16,0,1,0,1,0,unsure
andrew36_burn@hotmail.com,andrew36_burn,hotmail.com,True,36,2,13,1,0,0,0,0,unsure
Jayden48@mail.com,Jayden48,mail.com,True,48,2,8,0,0,0,0,1,unsure
Patrick.Johnston@aol.com,Patrick.Johnston,aol.com,True,12345,0,16,0,1,0,1,2,unsure
Julien_Mayert51@aol.com,Julien_Mayert51,aol.com,True,51,2,15,1,0,0,0,2,old
matthew.baker@hotmail.com,matthew.baker,hotmail.com,True,12345,0,13,0,1,0,1,0,young
Sofia64@mail.com,Sofia64,mail.com,True,64,2,7,0,0,0,0,1,old
Meredith_Hansen@gmail.com,Meredith_Hansen,gmail.com,True,12345,0,15,1,0,0,0,2,unsure
2003_samuel_white@organization.org,2003_samuel_white,organization.org,True,2003,4,17,1,0,0,0,0,young
amanda.king99@hotmail.com,amanda.king99,hotmail.com,True,99,2,13,0,1,0,1,0,young
Nora_Turcotte@icloud.com,Nora_Turcotte,icloud.com,True,12345,0,13,1,0,0,0,2,medium
Hailee_Kuhic58@aol.com,Hailee_Kuhic58,aol.com,True,58,2,14,1,0,0,0,2,old
daniel.taylor88@outlook.com,daniel.taylor88,outlook.com,True,88,2,15,0,1,0,1,0,medium
Melody.OReilly32@tutanota.com,Melody.OReilly32,tutanota.com,True,32,2,16,0,1,0,1,3,unsure
paul.baker@aol.com,paul.baker,aol.com,True,12345,0,10,0,1,0,1,0,medium
Frank_Herzog@tutanota.com,Frank_Herzog,tutanota.com,True,12345,0,12,1,0,0,0,2,unsure
michael_93.johnson@college.edu,michael_93.johnson,college.edu,True,93,2,18,1,1,0,1,0,medium
james21_shine@gmail.com,james21_shine,gmail.com,True,21,2,13,1,0,0,0,0,medium
Pansy17@protonmail.com,Pansy17,protonmail.com,True,17,2,7,0,0,0,0,1,unsure
amanda_williams12356@icloud.com,amanda_williams12356,icloud.com,True,12356,5,20,1,0,0,0,0,unsure
"stephen.morris@yahoo,com",stephen.morris,yahoo.com,False,12345,0,14,0,1,0,1,0,young
david.clark@protonmail.com,david.clark,protonmail.com,True,12345,0,11,0,1,0,1,0,unsure
caleb.phillips67@icloud.com,caleb.phillips67,icloud.com,True,67,2,16,0,1,0,1,0,old
1987_rachel.s@gmail.com,1987_rachel.s,gmail.com,True,1987,4,13,1,1,0,1,0,medium
margaret.anderson1782@gmail.com,margaret.anderson1782,gmail.com,True,1782,4,21,0,1,0,1,0,unsure
matthew.lewis@gmail.com,matthew.lewis,gmail.com,True,12345,0,13,0,1,0,1,0,unsure
Carlie.Conroy@aol.com,Carlie.Conroy,aol.com,True,12345,0,13,0,1,0,1,2,old
claire81_flicker@yahoo.com,claire81_flicker,yahoo.com,True,81,2,16,1,0,0,0,0,medium
joshua.bell00@gmail.com,joshua.bell00,gmail.com,True,00,2,13,0,1,0,1,0,young
mason.watson04@hotmail.com,mason.watson04,hotmail.com,True,04,2,14,0,1,0,1,0,young
victoria_kelly2003@protonmail.com,victoria_kelly2003,protonmail.com,True,2003,4,18,1,0,0,0,0,young
jason.barnes90@gmail.com,jason.barnes90,gmail.com,True,90,2,14,0,1,0,1,0,medium
simon.peters@hotmail.com,simon.peters,hotmail.com,True,12345,0,12,0,1,0,1,0,young
martha.young1792@gmail.com,martha.young1792,gmail.com,True,1792,4,16,0,1,0,1,0,unsure
Nikolas54@outlook.com,Nikolas54,outlook.com,True,54,2,9,0,0,0,0,1,old
caleb78_bright@icloud.com,caleb78_bright,icloud.com,True,78,2,14,1,0,0,0,0,medium
james_jones10000@gmail.com,james_jones10000,gmail.com,True,10000,5,16,1,0,0,0,0,young
Carroll_Armstrong92@mail.com,Carroll_Armstrong92,mail.com,True,92,2,19,1,0,0,0,2,medium
Annabelle.Schaden-Jakubowski82@icloud.com,Annabelle.Schaden-Jakubowski82,icloud.com,True,82,2,30,0,1,1,1,3,medium
mary.james@icloud.com,mary.james,icloud.com,True,12345,0,10,0,1,0,1,0,medium
megan_wilson4321@hotmail.com,megan_wilson4321,hotmail.com,True,4321,4,16,1,0,0,0,0,unsure
emily_clark.91@mail.service.com,emily_clark.91,mail.service.com,True,91,2,14,1,1,0,1,0,medium
Kaleigh72@mail.com,Kaleigh72,mail.com,True,72,2,9,0,0,0,0,1,old
Jed_Gutmann-Heidenreich18@protonmail.com,Jed_Gutmann-Heidenreich18,protonmail.com,True,18,2,25,1,0,1,1,3,unsure
james.jones00@gmail.com,james.jones00,gmail.com,True,00,2,13,0,1,0,1,0,young
tyler_hayes1986@gmail.com,tyler_hayes1986,gmail.com,True,1986,4,15,1,0,0,0,0,medium
thomas.hall@gmail@com,thomas.hall,gmail.com,False,12345,0,11,0,1,0,1,0,medium
Claudia.Osinski-Pollich46@gmail.com,Claudia.Osinski-Pollich46,gmail.com,True,46,2,25,0,1,1,1,3,unsure
john.smith@gmail,john.smith,gmail.com,False,12345,0,10,0,1,0,1,0,medium
andrew.james64@hotmail.com,andrew.james64,hotmail.com,True,64,2,14,0,1,0,1,0,old
logan_1095johnson@outlook.com,logan_1095johnson,outlook.com,True,1095,4,17,1,0,0,0,0,unsure
Rhea.Gislason63@mail.com,Rhea.Gislason63,mail.com,True,63,2,15,0,1,0,1,2,old
Gerson.Feest71@gmail.com,Gerson.Feest71,gmail.com,True,71,2,14,0,1,0,1,2,old
carter.james99@hotmail.com,carter.james99,hotmail.com,True,99,2,14,0,1,0,1,0,young
Cali_Zieme24@aol.com,Cali_Zieme24,aol.com,True,24,2,12,1,0,0,0,2,unsure
"joseph.adams@gmail,",joseph.adams,gmail.com,False,12345,0,12,0,1,0,1,0,unsure
lily_thompson5678@aol.com,lily_thompson5678,aol.com,True,5678,4,17,1,0,0,0,0,unsure
Julianne_Larkin39@yahoo.com,Julianne_Larkin39,yahoo.com,True,39,2,17,1,0,0,0,2,unsure
daniel_clark@icloud,daniel_clark,icloud.com,False,12345,0,12,1,0,0,0,0,medium
stephanie.2002clark@gmail.com,stephanie.2002clark,gmail.com,True,2002,4,19,0,1,0,1,0,young
laura.baker45@icloud.com,laura.baker45,icloud.com,True,45,2,13,0,1,0,1,0,unsure
robert23_spark@protonmail.com,robert23_spark,protonmail.com,True,23,2,14,1,0,0,0,0,unsure
Jewell.Stark@aol.com,Jewell.Stark,aol.com,True,12345,0,12,0,1,0,1,2,old
Shyann_Herzog14@aol.com,Shyann_Herzog14,aol.com,True,14,2,15,1,0,0,0,2,unsure
megan_patel1994@gmail.com,megan_patel1994,gmail.com,True,1994,4,15,1,0,0,0,0,medium
ethan_bell1988@gmail.com,ethan_bell1988,gmail.com,True,1988,4,14,1,0,0,0,0,medium
ryan_watson2001@hotmail.com,ryan_watson2001,hotmail.com,True,2001,4,15,1,0,0,0,0,young
christopher89_bell@sub.company.com,christopher89_bell,sub.company.com,True,89,2,18,1,0,0,0,0,medium
Shaniya11@gmail.com,Shaniya11,gmail.com,True,11,2,9,0,0,0,0,1,unsure
Aurore29@tutanota.com,Aurore29,tutanota.com,True,29,2,8,0,0,0,0,1,unsure
matthew.hill1802@gmail.com,matthew.hill1802,gmail.com,True,1802,4,16,0,1,0,1,0,unsure
Jordi_Aufderhar56@gmail.com,Jordi_Aufderhar56,gmail.com,True,56,2,17,1,0,0,0,2,old
tyler.hayes86@gmail.com,tyler.hayes86,gmail.com,True,86,2,13,0,1,0,1,0,medium
Cayla82@tutanota.com,Cayla82,tutanota.com,True,82,2,7,0,0,0,0,1,medium
zoe_bryant43219@aol.com,zoe_bryant43219,aol.com,True,43219,5,15,1,0,0,0,0,unsure
Heaven8@yahoo.com,Heaven8,yahoo.com,True,8,1,7,0,0,0,0,1,unsure
Tyler_Walter@gmail.com,Tyler_Walter,gmail.com,True,12345,0,12,1,0,0,0,2,unsure
ryan.watson01@hotmail.com,ryan.watson01,hotmail.com,True,01,2,13,0,1,0,1,0,young
david_2000@aol.com,david_2000,aol.com,True,2000,4,10,1,0,0,0,0,young
margaret.harris@outlookcom,margaret.harris,outlook.com,False,12345,0,15,0,1,0,1,0,unsure
Johnpaul.Robel68@tutanota.com,Johnpaul.Robel68,tutanota.com,True,68,2,16,0,1,0,1,2,old
alice_3890.brown@company.co.uk,alice_3890.brown,company.co.uk,True,3890,4,16,1,1,0,1,0,unsure
hailey_price1239@protonmail.com,hailey_price1239,protonmail.com,True,1239,4,16,1,0,0,0,0,unsure
rachel_evans2006@gmail.com,rachel_evans2006,gmail.com,True,2006,4,16,1,0,0,0,0,young
chris_lee8769@hotmail.com,chris_lee8769,hotmail.com,True,8769,4,13,1,0,0,0,0,unsure
Napoleon_Braun@protonmail.com,Napoleon_Braun,protonmail.com,True,12345,0,14,1,0,0,0,2,unsure
olivia24_flash@gmail.com,olivia24_flash,gmail.com,True,24,2,14,1,0,0,0,0,unsure
michael.wilson@aolcom,michael.wilson,aol.com,False,12345,0,14,0,1,0,1,0,unsure
mary.bryant@outlook.com,mary.bryant,outlook.com,True,12345,0,11,0,1,0,1,0,medium
Dangelo.Gorczany30@aol.com,Dangelo.Gorczany30,aol.com,True,30,2,18,0,1,0,1,2,unsure
Gianni72@outlook.com,Gianni72,outlook.com,True,72,2,8,0,0,0,0,1,old
henry.thomas1693@gmail.com,henry.thomas1693,gmail.com,True,1693,4,16,0,1,0,1,0,unsure
lucy.green1749@gmail.com,lucy.green1749,gmail.com,True,1749,4,14,0,1,0,1,0,unsure
david.thomas@gmail.com,david.thomas,gmail.com,True,12345,0,12,0,1,0,1,0,unsure
anna.hall87@yahoo.com,anna.hall87,yahoo.com,True,87,2,11,0,1,0,1,0,medium
Dejuan_Herzog47@icloud.com,Dejuan_Herzog47,icloud.com,True,47,2,15,1,0,0,0,2,unsure
olivia.smith999@yahoo.com,olivia.smith999,yahoo.com,True,999,3,15,0,1,0,1,0,unsure
Alanna.Connelly84@outlook.com,Alanna.Connelly84,outlook.com,True,84,2,17,0,1,0,1,2,medium
Queenie55@gmail.com,Queenie55,gmail.com,True,55,2,9,0,0,0,0,1,old
"mary.miller@gmail,com",mary.miller,gmail.com,False,12345,0,11,0,1,0,1,0,medium
hailey.sanders67@gmail.com,hailey.sanders67,gmail.com,True,67,2,16,0,1,0,1,0,old
joshua_carter1980@gmail.com,joshua_carter1980,gmail.com,True,1980,4,17,1,0,0,0,0,medium
james.walker@outlook.com,james.walker,outlook.com,True,12345,0,12,0,1,0,1,0,unsure
Cassandra_Flatley54@gmail.com,Cassandra_Flatley54,gmail.com,True,54,2,19,1,0,0,0,2,old
william.green@aol.com,william.green,aol.com,True,12345,0,13,0,1,0,1,0,unsure
sarah.miller@protonmailcom,sarah.miller,protonmail.com,False,12345,0,12,0,1,0,1,0,unsure
nathan.brooks@icloud.com,nathan.brooks,icloud.com,True,12345,0,13,0,1,0,1,0,unsure
Delphine8@tutanota.com,Delphine8,tutanota.com,True,8,1,9,0,0,0,0,1,unsure
Adela_Mertz@mail.com,Adela_Mertz,mail.com,True,12345,0,11,1,0,0,0,2,old
alexis.cooper92@gmail.com,alexis.cooper92,gmail.com,True,92,2,15,0,1,0,1,0,medium
jason_brown1985@gmail.com,jason_brown1985,gmail.com,True,1985,4,15,1,0,0,0,0,medium
"daniel.phillips@hotmail,",daniel.phillips,hotmail.com,False,12345,0,15,0,1,0,1,0,unsure
amelia.simmons@yahoo.com,amelia.simmons,yahoo.com,True,12345,0,14,0,1,0,1,0,young
Jonatan.Kassulke@gmail.com,Jonatan.Kassulke,gmail.com,True,12345,0,16,0,1,0,1,2,unsure
ben_4561doe@gmail.com,ben_4561doe,gmail.com,True,4561,4,11,1,0,0,0,0,unsure
laura1990_davis@gmail.com,laura1990_davis,gmail.com,True,1990,4,15,1,0,0,0,0,medium
Oleta44@protonmail.com,Oleta44,protonmail.com,True,44,2,7,0,0,0,0,1,unsure
olivia2003_clark@hotmail.com,olivia2003_clark,hotmail.com,True,2003,4,16,1,0,0,0,0,young
anna1999@outlook.com,anna1999,outlook.com,True,1999,4,8,0,0,0,0,0,young
Juston81@outlook.com,Juston81,outlook.com,True,81,2,8,0,0,0,0,1,medium
Percy92@protonmail.com,Percy92,protonmail.com,True,92,2,7,0,0,0,0,1,medium
Markus.Goldner41@gmail.com,Markus.Goldner41,gmail.com,True,41,2,16,0,1,0,1,2,unsure
daniel_scott1980@outlook.com,daniel_scott1980,outlook.com,True,1980,4,16,1,0,0,0,0,medium
Adelle_Rolfson24@gmail.com,Adelle_Rolfson24,gmail.com,True,24,2,16,1,0,0,0,2,unsure
daniel.wood@outlook..,daniel.wood,outlook.com,False,12345,0,11,0,1,0,1,0,medium
catherine.allen@icloud.com,catherine.allen,icloud.com,True,12345,0,15,0,1,0,1,0,unsure
Janae99@gmail.com,Janae99,gmail.com,True,99,2,7,0,0,0,0,1,young
edward.walker1756@gmail.com,edward.walker1756,gmail.com,True,1756,4,17,0,1,0,1,0,unsure
laura88_smith@yahoo.com,laura88_smith,yahoo.com,True,88,2,13,1,0,0,0,0,medium
susan.green@yahoo..com,susan.green,yahoo.com,False,12345,0,11,0,1,0,1,0,medium
Gerson_Larson99@gmail.com,Gerson_Larson99,gmail.com,True,99,2,15,1,0,0,0,2,young
Marianna_Pfeffer@gmail.com,Marianna_Pfeffer,gmail.com,True,12345,0,16,1,0,0,0,2,unsure
Zackery_Rippin91@gmail.com,Zackery_Rippin91,gmail.com,True,91,2,16,1,0,0,0,2,medium
Moshe_Hilpert@tutanota.com,Moshe_Hilpert,tutanota.com,True,12345,0,13,1,0,0,0,2,old
eliza.jackson@hotmail.com,eliza.jackson,hotmail.com,True,12345,0,13,0,1,0,1,0,young
abigail_cook1992@gmail.com,abigail_cook1992,gmail.com,True,1992,4,16,1,0,0,0,0,medium
john.doe1990@sub.domain.com,john.doe1990,sub.domain.com,True,1990,4,12,0,1,0,1,0,medium
robert_white1990@gmail.com,robert_white1990,gmail.com,True,1990,4,16,1,0,0,0,0,medium
anna@harris@icloud.com,annaharris,icloud.com,True,12345,0,10,0,0,0,0,0,unsure
sophia87_blaze@outlook.com,sophia87_blaze,outlook.com,True,87,2,14,1,0,0,0,0,medium
"hannah.bryant@aol,com",hannah.bryant,aol.com,False,12345,0,13,0,1,0,1,0,unsure
kevin57_flame@outlook.com,kevin57_flame,outlook.com,True,57,2,13,1,0,0,0,0,old
hailey88_flame@protonmail.com,hailey88_flame,protonmail.com,True,88,2,14,1,0,0,0,0,medium
Julien80@tutanota.com,Julien80,tutanota.com,True,80,2,8,0,0,0,0,1,medium
Gretchen.Nikolaus33@gmail.com,Gretchen.Nikolaus33,gmail.com,True,33,2,19,0,1,0,1,2,unsure
"samuel.morgan@gmail,com",samuel.morgan,gmail.com,False,12345,0,13,0,1,0,1,0,unsure
emily_smith2006@outlook.com,emily_smith2006,outlook.com,True,2006,4,15,1,0,0,0,0,young
Olaf_Marks64@gmail.com,Olaf_Marks64,gmail.com,True,64,2,12,1,0,0,0,2,old
peter.jackson@aol.com,peter.jackson,aol.com,True,12345,0,13,0,1,0,1,0,unsure
simon.ward@protonmail.com,simon.ward,protonmail.com,True,12345,0,10,0,1,0,1,0,unsure
Buck.Mohr@gmail.com,Buck.Mohr,gmail.com,True,12345,0,9,0,1,0,1,2,unsure
Carolina.Zieme66@aol.com,Carolina.Zieme66,aol.com,True,66,2,16,0,1,0,1,2,old
daniel1998_scott@outlook.com,daniel1998_scott,outlook.com,True,1998,4,16,1,0,0,0,0,young
zoe7548_anderson@protonmail.com,zoe7548_anderson,protonmail.com,True,7548,4,16,1,0,0,0,0,unsure
daniel.scott80@outlook.com,daniel.scott80,outlook.com,True,80,2,14,0,1,0,1,0,medium
Frances.Zulauf@gmail.com,Frances.Zulauf,gmail.com,True,12345,0,14,0,1,0,1,2,unsure
hannah.james1741@gmail.com,hannah.james1741,gmail.com,True,1741,4,16,0,1,0,1,0,unsure
chloe872_flare@gmail.com,chloe872_flare,gmail.com,True,872,3,14,1,0,0,0,0,unsure
susan.young@gmail.com,susan.young,gmail.com,True,12345,0,11,0,1,0,1,0,medium
dylan1990_richards@gmail.com,dylan1990_richards,gmail.com,True,1990,4,18,1,0,0,0,0,medium
andrew1994_turner@hotmail.com,andrew1994_turner,hotmail.com,True,1994,4,17,1,0,0,0,0,medium
elijah_6230@gmail.com,elijah_6230,gmail.com,True,6230,4,11,1,0,0,0,0,unsure
mason_watson2004@hotmail.com,mason_watson2004,hotmail.com,True,2004,4,16,1,0,0,0,0,young
Bertha.Vandervort54@outlook.com,Bertha.Vandervort54,outlook.com,True,54,2,19,0,1,0,1,2,old
daniel_king1998@gmail.com,daniel_king1998,gmail.com,True,1998,4,15,1,0,0,0,0,young
Kamryn59@icloud.com,Kamryn59,icloud.com,True,59,2,8,0,0,0,0,1,old
Maud.Satterfield@gmail.com,Maud.Satterfield,gmail.com,True,12345,0,16,0,1,0,1,2,unsure
emma.walker@icloud.com,emma.walker,icloud.com,True,12345,0,11,0,1,0,1,0,medium
mary.jones@outlook.com,mary.jones,outlook.com,True,12345,0,10,0,1,0,1,0,medium
nancy.baker@outlook.com,nancy.baker,outlook.com,True,12345,0,11,0,1,0,1,0,medium
daniel_taylor1988@outlook.com,daniel_taylor1988,outlook.com,True,1988,4,17,1,0,0,0,0,medium
Nestor.Hahn52@gmail.com,Nestor.Hahn52,gmail.com,True,52,2,13,0,1,0,1,2,old
sophia.brown1684@gmail.com,sophia.brown1684,gmail.com,True,1684,4,16,0,1,0,1,0,unsure
Joel32@outlook.com,Joel32,outlook.com,True,32,2,6,0,0,0,0,1,unsure
Domenic_Hudson95@gmail.com,Domenic_Hudson95,gmail.com,True,95,2,16,1,0,0,0,2,young
david2097@hotmail.com,david2097,hotmail.com,True,2097,4,9,0,0,0,0,0,unsure
Lamont37@gmail.com,Lamont37,gmail.com,True,37,2,8,0,0,0,0,1,old
ethan.white02@protonmail.com,ethan.white02,protonmail.com,True,02,2,13,0,1,0,1,0,young
Cheyanne.Rippin@aol.com,Cheyanne.Rippin,aol.com,True,12345,0,15,0,1,0,1,2,unsure
henry.jackson@@yahoo.com,henry.jackson,yahoo.com,True,12345,0,13,0,1,0,1,0,young
edward.king@protonmail.com,edward.king,protonmail.com,True,12345,0,11,0,1,0,1,0,unsure
nathan.martin04@gmail.com,nathan.martin04,gmail.com,True,04,2,15,0,1,0,1,0,young
daniel.wood@outlook.com,daniel.wood,outlook.com,True,12345,0,11,0,1,0,1,0,medium
Sunny_Nader@yahoo.com,Sunny_Nader,yahoo.com,True,12345,0,11,1,0,0,0,2,unsure
Erling_Runolfsdottir@outlook.com,Erling_Runolfsdottir,outlook.com,True,12345,0,20,1,0,0,0,2,old
adam2004_henderson@gmail.com,adam2004_henderson,gmail.com,True,2004,4,18,1,0,0,0,0,young
alice.bell@hotmail.com,alice.bell,hotmail.com,True,12345,0,10,0,1,0,1,0,unsure
ethan_hughes1001@protonmail.com,ethan_hughes1001,protonmail.com,True,1001,4,16,1,0,0,0,0,unsure
lily3456@protonmail.com,lily3456,protonmail.com,True,3456,4,8,0,0,0,0,0,young
Reggie_Greenholt34@gmail.com,Reggie_Greenholt34,gmail.com,True,34,2,18,1,0,0,0,2,unsure
"laura.james@gmail,com",laura.james,gmail.com,False,12345,0,11,0,1,0,1,0,medium
lucy.adams@protonmail..com,lucy.adams,protonmail.com,False,12345,0,10,0,1,0,1,0,unsure
Blanche44@outlook.com,Blanche44,outlook.com,True,44,2,9,0,0,0,0,1,unsure
eliza.thomas@outlook.com,eliza.thomas,outlook.com,True,12345,0,12,0,1,0,1,0,unsure
Linnie78@mail.com,Linnie78,mail.com,True,78,2,8,0,0,0,0,1,medium
john_smith@yahoo.com,john_smith,yahoo.com,True,12345,0,10,1,0,0,0,0,young
joseph.green@hotmailcom,joseph.green,hotmail.com,False,12345,0,12,0,1,0,1,0,young
david.young@icloud.com,david.young,icloud.com,True,12345,0,11,0,1,0,1,0,medium
Carolanne33@aol.com,Carolanne33,aol.com,True,33,2,11,0,0,0,0,1,unsure
ethan_9931@gmail.com,ethan_9931,gmail.com,True,9931,4,10,1,0,0,0,0,young
Monserrat_Kautzer@gmail.com,Monserrat_Kautzer,gmail.com,True,12345,0,17,1,0,0,0,2,unsure
"james.clark@yahoo,",james.clark,yahoo.com,False,12345,0,11,0,1,0,1,0,medium
Lysanne.Cormier@aol.com,Lysanne.Cormier,aol.com,True,12345,0,15,0,1,0,1,2,unsure
simon.murphy1687@gmail.com,simon.murphy1687,gmail.com,True,1687,4,16,0,1,0,1,0,unsure
Selmer35@aol.com,Selmer35,aol.com,True,35,2,8,0,0,0,0,1,unsure
Evalyn.Lehner0@yahoo.com,Evalyn.Lehner0,yahoo.com,True,0,1,14,0,1,0,1,2,unsure
zoe.bryant19@aol.com,zoe.bryant19,aol.com,True,19,2,12,0,1,0,1,0,unsure
Marta_Sanford93@tutanota.com,Marta_Sanford93,tutanota.com,True,93,2,15,1,0,0,0,2,medium
jason99_lee@gmail.com,jason99_lee,gmail.com,True,99,2,11,1,0,0,0,0,young
patrick.morgan@hotmailcom,patrick.morgan,hotmail.com,False,12345,0,14,0,1,0,1,0,unsure
lily64_gleam@yahoo.com,lily64_gleam,yahoo.com,True,64,2,12,1,0,0,0,0,old
Catalina_Grady5@tutanota.com,Catalina_Grady5,tutanota.com,True,5,1,15,1,0,0,0,2,unsure
william@johnson@outlook.com,williamjohnson,outlook.com,True,12345,0,14,0,0,0,0,0,unsure
Jeramie_Denesik98@yahoo.com,Jeramie_Denesik98,yahoo.com,True,98,2,17,1,0,0,0,2,young
Jaiden60@gmail.com,Jaiden60,gmail.com,True,60,2,8,0,0,0,0,1,old
Marilyne.Crist@mail.com,Marilyne.Crist,mail.com,True,12345,0,14,0,1,0,1,2,unsure
james.wright@gmail.com,james.wright,gmail.com,True,12345,0,12,0,1,0,1,0,unsure
nathan31_flare@aol.com,nathan31_flare,aol.com,True,31,2,14,1,0,0,0,0,medium
Rachelle.Hane97@mail.com,Rachelle.Hane97,mail.com,True,97,2,15,0,1,0,1,2,young
Reba_Robel62@mail.com,Reba_Robel62,mail.com,True,62,2,12,1,0,0,0,2,old
Stephania.Fisher91@gmail.com,Stephania.Fisher91,gmail.com,True,91,2,18,0,1,0,1,2,medium
Stanton.Turcotte@aol.com,Stanton.Turcotte,aol.com,True,12345,0,16,0,1,0,1,2,unsure
lucy.brown@yahoo.com,lucy.brown,yahoo.com,True,12345,0,10,0,1,0,1,0,medium
Kasandra_Mayert56@aol.com,Kasandra_Mayert56,aol.com,True,56,2,17,1,0,0,0,2,old
Amira4@yahoo.com,Amira4,yahoo.com,True,4,1,6,0,0,0,0,1,unsure
sarah.wright1717@gmail.com,sarah.wright1717,gmail.com,True,1717,4,16,0,1,0,1,0,unsure
catherine.davis@hotmail.com,catherine.davis,hotmail.com,True,12345,0,15,0,1,0,1,0,unsure
jacob.green05@yahoo.com,jacob.green05,yahoo.com,True,05,2,13,0,1,0,1,0,young
Connie_Haley@gmail.com,Connie_Haley,gmail.com,True,12345,0,12,1,0,0,0,2,unsure
Asia_Stark26@protonmail.com,Asia_Stark26,protonmail.com,True,26,2,12,1,0,0,0,2,unsure
Camille36@aol.com,Camille36,aol.com,True,36,2,9,0,0,0,0,1,old
paul.cook@icloud.com,paul.cook,icloud.com,True,12345,0,9,0,1,0,1,0,unsure
catherine.davis@gmailcom,catherine.davis,gmail.com,False,12345,0,15,0,1,0,1,0,unsure
Jammie.Hartmann50@icloud.com,Jammie.Hartmann50,icloud.com,True,50,2,17,0,1,0,1,2,old
ethan1995_white@yahoo.com,ethan1995_white,yahoo.com,True,1995,4,15,1,0,0,0,0,young
Florida14@gmail.com,Florida14,gmail.com,True,14,2,9,0,0,0,0,1,unsure
Wiley75@aol.com,Wiley75,aol.com,True,75,2,7,0,0,0,0,1,medium
Saige.Conroy-Raynor62@gmail.com,Saige.Conroy-Raynor62,gmail.com,True,62,2,21,0,1,1,1,3,old
Winona89@outlook.com,Winona89,outlook.com,True,89,2,8,0,0,0,0,1,medium
olivia.brown2001@yahoo.com,olivia.brown2001,yahoo.com,True,2001,4,16,0,1,0,1,0,young
Cecilia_Gottlieb@yahoo.com,Cecilia_Gottlieb,yahoo.com,True,12345,0,16,1,0,0,0,2,unsure
eliza.howard@gmail.com,eliza.howard,gmail.com,True,12345,0,12,0,1,0,1,0,unsure
Quincy_Mayert@aol.com,Quincy_Mayert,aol.com,True,12345,0,13,1,0,0,0,2,unsure
victoria.carter84@yahoo.com,victoria.carter84,yahoo.com,True,84,2,17,0,1,0,1,0,medium
Santina_Stark68@protonmail.com,Santina_Stark68,protonmail.com,True,68,2,15,1,0,0,0,2,old
"hannah.thomas@outlook,",hannah.thomas,outlook.com,False,12345,0,13,0,1,0,1,0,young
sophia_scott1999@gmail.com,sophia_scott1999,gmail.com,True,1999,4,16,1,0,0,0,0,young
nancy.bryant1797@gmail.com,nancy.bryant1797,gmail.com,True,1797,4,16,0,1,0,1,0,unsure
william.johnson@outlook.com,william.johnson,outlook.com,True,12345,0,15,0,1,0,1,0,unsure
Freddie_Marvin@gmail.com,Freddie_Marvin,gmail.com,True,12345,0,14,1,0,0,0,2,unsure
Douglas74@gmail.com,Douglas74,gmail.com,True,74,2,9,0,0,0,0,1,old
Julio_Jaskolski@tutanota.com,Julio_Jaskolski,tutanota.com,True,12345,0,15,1,0,0,0,2,unsure
emma.clark76@icloud.com,emma.clark76,icloud.com,True,76,2,12,0,1,0,1,0,medium
Eva35@protonmail.com,Eva35,protonmail.com,True,35,2,5,0,0,0,0,1,unsure
Meredith_Stracke7@aol.com,Meredith_Stracke7,aol.com,True,7,1,17,1,0,0,0,2,unsure
george.taylor1811@gmail.com,george.taylor1811,gmail.com,True,1811,4,17,0,1,0,1,0,unsure
Anais_Hoppe15@mail.com,Anais_Hoppe15,mail.com,True,15,2,13,1,0,0,0,2,old
Hertha_VonRueden@aol.com,Hertha_VonRueden,aol.com,True,12345,0,16,1,0,0,0,3,old
carter1988_james@hotmail.com,carter1988_james,hotmail.com,True,1988,4,16,1,0,0,0,0,medium
sarah.green89@icloud.com,sarah.green89,icloud.com,True,89,2,13,0,1,0,1,0,medium
Oran_Zemlak39@gmail.com,Oran_Zemlak39,gmail.com,True,39,2,13,1,0,0,0,2,unsure
logan_brooks87612@gmail.com,logan_brooks87612,gmail.com,True,87612,5,17,1,0,0,0,0,unsure
jessica_walker1993@gmail.com,jessica_walker1993,gmail.com,True,1993,4,18,1,0,0,0,0,medium
amanda.williams56@icloud.com,amanda.williams56,icloud.com,True,56,2,17,0,1,0,1,0,old
Charity6@protonmail.com,Charity6,protonmail.com,True,6,1,8,0,0,0,0,1,unsure
Kiarra_Hand60@mail.com,Kiarra_Hand60,mail.com,True,60,2,13,1,0,0,0,2,old
mark_1995johnson@outlook.com,mark_1995johnson,outlook.com,True,1995,4,16,1,0,0,0,0,young
elizabeth.thomas@outlook.com,elizabeth.thomas,outlook.com,True,12345,0,16,0,1,0,1,0,unsure
james.jones@yahoo.com,james.jones,yahoo.com,True,12345,0,11,0,1,0,1,0,medium
3356_johnson.jane@gmail.com,3356_johnson.jane,gmail.com,True,3356,4,17,1,1,0,1,0,young
daniel2001_martin@icloud.com,daniel2001_martin,icloud.com,True,2001,4,17,1,0,0,0,0,young
emma.king@icloud.com,emma.king,icloud.com,True,12345,0,9,0,1,0,1,0,unsure
Demario_Fisher47@mail.com,Demario_Fisher47,mail.com,True,47,2,16,1,0,0,0,2,unsure
rebecca.moore@icloud.com,rebecca.moore,icloud.com,True,12345,0,13,0,1,0,1,0,unsure
Aglae64@protonmail.com,Aglae64,protonmail.com,True,64,2,7,0,0,0,0,1,old
stephen.morris@yahoo.com,stephen.morris,yahoo.com,True,12345,0,14,0,1,0,1,0,young
Etha_Simonis@gmail.com,Etha_Simonis,gmail.com,True,12345,0,12,1,0,0,0,2,unsure
logan.brooks12@gmail.com,logan.brooks12,gmail.com,True,12,2,14,0,1,0,1,0,unsure
Heber_Brakus50@tutanota.com,Heber_Brakus50,tutanota.com,True,50,2,14,1,0,0,0,2,old
mary.cook@outlook.com,mary.cook,outlook.com,True,12345,0,9,0,1,0,1,0,unsure
lily.green2000@hotmail.com,lily.green2000,hotmail.com,True,2000,4,14,0,1,0,1,0,young
sam.kelly7765@aol.com,sam.kelly7765,aol.com,True,7765,4,13,0,1,0,1,0,unsure
dylan49_shine@gmail.com,dylan49_shine,gmail.com,True,49,2,13,1,0,0,0,0,medium
Birdie_Kuvalis89@outlook.com,Birdie_Kuvalis89,outlook.com,True,89,2,16,1,0,0,0,2,medium
hailey.price39@protonmail.com,hailey.price39,protonmail.com,True,39,2,14,0,1,0,1,0,unsure
sophia.brown@hotmail.com,sophia.brown,hotmail.com,True,12345,0,12,0,1,0,1,0,young
2001_johnson.jane@gmail.com,2001_johnson.jane,gmail.com,True,2001,4,17,1,1,0,1,0,young
Blanche.Predovic@yahoo.com,Blanche.Predovic,yahoo.com,True,12345,0,16,0,1,0,1,2,unsure
Loyal_Kuhic@gmail.com,Loyal_Kuhic,gmail.com,True,12345,0,11,1,0,0,0,2,unsure
jane_doe1989@gmail.com,jane_doe1989,gmail.com,True,1989,4,12,1,0,0,0,0,medium
kevin.sanders89@gmail.com,kevin.sanders89,gmail.com,True,89,2,15,0,1,0,1,0,medium
rachel5551_b@outlook.com,rachel5551_b,outlook.com,True,5551,4,12,1,0,0,0,0,unsure
henry.wright@protonmail.com,henry.wright,protonmail.com,True,12345,0,12,0,1,0,1,0,unsure
michael.cook@hotmail.com,michael.cook,hotmail.com,True,12345,0,12,0,1,0,1,0,young
Estelle80@yahoo.com,Estelle80,yahoo.com,True,80,2,9,0,0,0,0,1,medium
laura.walker@protonmail.com,laura.walker,protonmail.com,True,12345,0,12,0,1,0,1,0,unsure
emma_clark1234@icloud.com,emma_clark1234,icloud.com,True,1234,4,14,1,0,0,0,0,unsure
mason_hayes2000@gmail.com,mason_hayes2000,gmail.com,True,2000,4,15,1,0,0,0,0,young
joshua1981_ward@gmail.com,joshua1981_ward,gmail.com,True,1981,4,15,1,0,0,0,0,medium
dorothy.gray@protonmailcom,dorothy.gray,protonmail.com,False,12345,0,12,0,1,0,1,0,unsure
Macey29@gmail.com,Macey29,gmail.com,True,29,2,7,0,0,0,0,1,unsure
Faye_Carter81@icloud.com,Faye_Carter81,icloud.com,True,81,2,13,1,0,0,0,2,medium
Maxime.Brown93@mail.com,Maxime.Brown93,mail.com,True,93,2,14,0,1,0,1,2,medium
nathan_roberts1991@gmail.com,nathan_roberts1991,gmail.com,True,1991,4,18,1,0,0,0,0,medium
laura_taylor1995@gmail.com,laura_taylor1995,gmail.com,True,1995,4,16,1,0,0,0,0,young
chris_harris2002@gmail.com,chris_harris2002,gmail.com,True,2002,4,16,1,0,0,0,0,young
kevin_sanders1989@gmail.com,kevin_sanders1989,gmail.com,True,1989,4,17,1,0,0,0,0,medium
Gerry.Fisher@protonmail.com,Gerry.Fisher,protonmail.com,True,12345,0,12,0,1,0,1,2,old
aiden_miller8974@gmail.com,aiden_miller8974,gmail.com,True,8974,4,16,1,0,0,0,0,young
daniel97_flare@outlook.com,daniel97_flare,outlook.com,True,97,2,14,1,0,0,0,0,young
katherine.hill@outlook.com,katherine.hill,outlook.com,True,12345,0,14,0,1,0,1,0,unsure
william.miller@icloud.com,william.miller,icloud.com,True,12345,0,14,0,1,0,1,0,unsure
Gregorio.Gusikowski@gmail.com,Gregorio.Gusikowski,gmail.com,True,12345,0,19,0,1,0,1,2,unsure
David.Brakus7@mail.com,David.Brakus7,mail.com,True,7,1,13,0,1,0,1,2,unsure
andrew_baker1996@gmail.com,andrew_baker1996,gmail.com,True,1996,4,16,1,0,0,0,0,young
Kurtis.Towne@yahoo.com,Kurtis.Towne,yahoo.com,True,12345,0,12,0,1,0,1,2,old
Pietro2@mail.com,Pietro2,mail.com,True,2,1,7,0,0,0,0,1,unsure
madeline_ross2005@aol.com,madeline_ross2005,aol.com,True,2005,4,17,1,0,0,0,0,young
david.mitchell@gmail.com,david.mitchell,gmail.com,True,12345,0,14,0,1,0,1,0,unsure
Oral.Lind28@gmail.com,Oral.Lind28,gmail.com,True,28,2,11,0,1,0,1,2,old
alex97@gmail.com,alex97,gmail.com,True,97,2,6,0,0,0,0,0,young
Ima56@aol.com,Ima56,aol.com,True,56,2,5,0,0,0,0,1,old
john.jones@hotmail.com,john.jones,hotmail.com,True,12345,0,10,0,1,0,1,0,unsure
robert.turner54@protonmail.com,robert.turner54,protonmail.com,True,54,2,15,0,1,0,1,0,old
rebecca.evans@protonmail.com,rebecca.evans,protonmail.com,True,12345,0,13,0,1,0,1,0,unsure
Joanne.Hickle91@mail.com,Joanne.Hickle91,mail.com,True,91,2,15,0,1,0,1,2,medium
arthur99_archi@gmail.com,arthur99_archi,gmail.com,True,99,2,14,1,0,0,0,0,young
Elisha.Grant93@protonmail.com,Elisha.Grant93,protonmail.com,True,93,2,14,0,1,0,1,2,medium
adam_henderson5432@gmail.com,adam_henderson5432,gmail.com,True,5432,4,18,1,0,0,0,0,unsure
Murray_Waters@protonmail.com,Murray_Waters,protonmail.com,True,12345,0,13,1,0,0,0,2,unsure
robert2002_harris@protonmail.com,robert2002_harris,protonmail.com,True,2002,4,17,1,0,0,0,0,young
jason1985_davis@yahoo.com,jason1985_davis,yahoo.com,True,1985,4,15,1,0,0,0,0,medium
"isaac.bell@outlook,",isaac.bell,outlook.com,False,12345,0,10,0,1,0,1,0,medium
Bonnie5@gmail.com,Bonnie5,gmail.com,True,5,1,7,0,0,0,0,1,unsure
george.thomas@hotmail.com,george.thomas,hotmail.com,True,12345,0,13,0,1,0,1,0,young
alice.carter1653@gmail.com,alice.carter1653,gmail.com,True,1653,4,16,0,1,0,1,0,unsure
catherine.allen@icloud..,catherine.allen,icloud.com,False,12345,0,15,0,1,0,1,0,unsure
sarah_smith2001@gmail.com,sarah_smith2001,gmail.com,True,2001,4,15,1,0,0,0,0,young
amanda_ward1999@gmail.com,amanda_ward1999,gmail.com,True,1999,4,15,1,0,0,0,0,young
mark_sanders1999@gmail.com,mark_sanders1999,gmail.com,True,1999,4,16,1,0,0,0,0,young
Emmet_Moen37@aol.com,Emmet_Moen37,aol.com,True,37,2,12,1,0,0,0,2,unsure
Rod.Ferry@mail.com,Rod.Ferry,mail.com,True,12345,0,9,0,1,0,1,2,unsure
eliza.miller@outlook.com,eliza.miller,outlook.com,True,12345,0,12,0,1,0,1,0,unsure
kevin1988_morris@outlook.com,kevin1988_morris,outlook.com,True,1988,4,16,1,0,0,0,0,medium
claire1984_hall@yahoo.com,claire1984_hall,yahoo.com,True,1984,4,15,1,0,0,0,0,medium
rachel.murphy@aolcom,rachel.murphy,aol.com,False,12345,0,13,0,1,0,1,0,unsure
Genevieve_Sawayn-Kunde79@gmail.com,Genevieve_Sawayn-Kunde79,gmail.com,True,79,2,24,1,0,1,1,3,medium
patrick.morgan@hotmail.com,patrick.morgan,hotmail.com,True,12345,0,14,0,1,0,1,0,unsure
sophia1999_adams@outlook.com,sophia1999_adams,outlook.com,True,1999,4,16,1,0,0,0,0,young
matthew.davis01@hotmail.com,matthew.davis01,hotmail.com,True,01,2,15,0,1,0,1,0,young
Rey.Weber44@gmail.com,Rey.Weber44,gmail.com,True,44,2,11,0,1,0,1,2,old
jessica45_blaze@gmail.com,jessica45_blaze,gmail.com,True,45,2,15,1,0,0,0,0,unsure
Aron42@mail.com,Aron42,mail.com,True,42,2,6,0,0,0,0,1,unsure
Reva79@gmail.com,Reva79,gmail.com,True,79,2,6,0,0,0,0,1,medium
olivia23_fire@hotmail.com,olivia23_fire,hotmail.com,True,23,2,13,1,0,0,0,0,unsure
9087_steve.s@gmail.com,9087_steve.s,gmail.com,True,9087,4,12,1,1,0,1,0,unsure
Faye.Rowe25@protonmail.com,Faye.Rowe25,protonmail.com,True,25,2,11,0,1,0,1,2,unsure
Freddy.Green@aol.com,Freddy.Green,aol.com,True,12345,0,12,0,1,0,1,2,old
Paula_Rogahn56@tutanota.com,Paula_Rogahn56,tutanota.com,True,56,2,14,1,0,0,0,2,old
Hosea59@yahoo.com,Hosea59,yahoo.com,True,59,2,7,0,0,0,0,1,old
Myrtle.Hermiston60@yahoo.com,Myrtle.Hermiston60,yahoo.com,True,60,2,18,0,1,0,1,2,old
emma1987_taylor@gmail.com,emma1987_taylor,gmail.com,True,1987,4,15,1,0,0,0,0,medium
Elta37@protonmail.com,Elta37,protonmail.com,True,37,2,6,0,0,0,0,1,unsure
Beth_Johnston94@gmail.com,Beth_Johnston94,gmail.com,True,94,2,15,1,0,0,0,2,medium
rachel2006_wright@icloud.com,rachel2006_wright,icloud.com,True,2006,4,17,1,0,0,0,0,young
abigail1987_powell@yahoo.com,abigail1987_powell,yahoo.com,True,1987,4,18,1,0,0,0,0,medium
Evie_Beier@protonmail.com,Evie_Beier,protonmail.com,True,12345,0,10,1,0,0,0,2,unsure
sarah.brown@yahoo.com,sarah.brown,yahoo.com,True,12345,0,11,0,1,0,1,0,medium
grace.roberts1705@gmail.com,grace.roberts1705,gmail.com,True,1705,4,17,0,1,0,1,0,unsure
james.lewis@protonmail,james.lewis,protonmail.com,False,12345,0,11,0,1,0,1,0,unsure
Glenda_Gleason@yahoo.com,Glenda_Gleason,yahoo.com,True,12345,0,14,1,0,0,0,2,unsure
katherine.foster1710@gmail.com,katherine.foster1710,gmail.com,True,1710,4,20,0,1,0,1,0,unsure
Octavia.Thiel@gmail.com,Octavia.Thiel,gmail.com,True,12345,0,13,0,1,0,1,2,old
andrew_james7654@hotmail.com,andrew_james7654,hotmail.com,True,7654,4,16,1,0,0,0,0,unsure
Elwin80@icloud.com,Elwin80,icloud.com,True,80,2,7,0,0,0,0,1,medium
Herta_Abernathy13@mail.com,Herta_Abernathy13,mail.com,True,13,2,17,1,0,0,0,2,unsure
katie_thompson1981@gmail.com,katie_thompson1981,gmail.com,True,1981,4,18,1,0,0,0,0,medium
caleb_phillips34567@icloud.com,caleb_phillips34567,icloud.com,True,34567,5,19,1,0,0,0,0,unsure
ryan33_blaze@hotmail.com,ryan33_blaze,hotmail.com,True,33,2,12,1,0,0,0,0,unsure
elizabeth.miller1732@gmail.com,elizabeth.miller1732,gmail.com,True,1732,4,20,0,1,0,1,0,unsure
daniel.jackson@hotmail.com,daniel.jackson,hotmail.com,True,12345,0,14,0,1,0,1,0,unsure
Sister87@icloud.com,Sister87,icloud.com,True,87,2,8,0,0,0,0,1,medium
laura.davis@aol.com,laura.davis,aol.com,True,12345,0,11,0,1,0,1,0,medium
megan12_fire@aol.com,megan12_fire,aol.com,True,12,2,12,1,0,0,0,0,medium
olivia.johnson91@gmail.com,olivia.johnson91,gmail.com,True,91,2,16,0,1,0,1,0,medium
Clark.Hoppe14@icloud.com,Clark.Hoppe14,icloud.com,True,14,2,13,0,1,0,1,2,old
Rubye.Lebsack28@yahoo.com,Rubye.Lebsack28,yahoo.com,True,28,2,15,0,1,0,1,2,unsure
michael.johnson@gmail.com,michael.johnson,gmail.com,True,12345,0,15,0,1,0,1,0,unsure
benjamin.phillips@hotmailcom,benjamin.phillips,hotmail.com,False,12345,0,17,0,1,0,1,0,unsure
Talon_Stark79@icloud.com,Talon_Stark79,icloud.com,True,79,2,13,1,0,0,0,2,medium
victoria17_heat@protonmail.com,victoria17_heat,protonmail.com,True,17,2,15,1,0,0,0,0,unsure
andrew.clark88@gmail.com,andrew.clark88,gmail.com,True,88,2,14,0,1,0,1,0,medium
Javonte.Bednar@tutanota.com,Javonte.Bednar,tutanota.com,True,12345,0,14,0,1,0,1,2,unsure
benjamin.mitchell1779@gmail.com,benjamin.mitchell1779,gmail.com,True,1779,4,21,0,1,0,1,0,unsure
Bertha66@gmail.com,Bertha66,gmail.com,True,66,2,8,0,0,0,0,1,old
margaret.smith@hotmail.com,margaret.smith,hotmail.com,True,12345,0,14,0,1,0,1,0,unsure
Brook_Marks53@tutanota.com,Brook_Marks53,tutanota.com,True,53,2,13,1,0,0,0,2,old
elizabeth.roberts@hotmailcom,elizabeth.roberts,hotmail.com,False,12345,0,17,0,1,0,1,0,unsure
rebecca.allen1771@gmail.com,rebecca.allen1771,gmail.com,True,1771,4,17,0,1,0,1,0,unsure
john_lee1986@gmail.com,john_lee1986,gmail.com,True,1986,4,12,1,0,0,0,0,medium
logan19_glint@gmail.com,logan19_glint,gmail.com,True,19,2,13,1,0,0,0,0,medium
Lyla_Jakubowski@gmail.com,Lyla_Jakubowski,gmail.com,True,12345,0,15,1,0,0,0,2,unsure
Maddison62@aol.com,Maddison62,aol.com,True,62,2,10,0,0,0,0,1,old
abigail.powell56@yahoo.com,abigail.powell56,yahoo.com,True,56,2,16,0,1,0,1,0,old
james4672_blake@gmail.com,james4672_blake,gmail.com,True,4672,4,15,1,0,0,0,0,unsure
Fae_Ward80@yahoo.com,Fae_Ward80,yahoo.com,True,80,2,10,1,0,0,0,2,medium
Tillman.Green44@icloud.com,Tillman.Green44,icloud.com,True,44,2,15,0,1,0,1,2,unsure
Hayley.Kohler49@protonmail.com,Hayley.Kohler49,protonmail.com,True,49,2,15,0,1,0,1,2,unsure
Wanda40@gmail.com,Wanda40,gmail.com,True,40,2,7,0,0,0,0,1,unsure
jason1997_long@gmail.com,jason1997_long,gmail.com,True,1997,4,14,1,0,0,0,0,young
matthew_davis8765@hotmail.com,matthew_davis8765,hotmail.com,True,8765,4,17,1,0,0,0,0,unsure
Alexane45@aol.com,Alexane45,aol.com,True,45,2,9,0,0,0,0,1,old
thomas.brown@protonmail.com,thomas.brown,protonmail.com,True,12345,0,12,0,1,0,1,0,unsure
Hilario.Steuber@aol.com,Hilario.Steuber,aol.com,True,12345,0,15,0,1,0,1,2,unsure
Zackary29@gmail.com,Zackary29,gmail.com,True,29,2,9,0,0,0,0,1,unsure
Kirk96@tutanota.com,Kirk96,tutanota.com,True,96,2,6,0,0,0,0,1,young
nathan.peters1808@gmail.com,nathan.peters1808,gmail.com,True,1808,4,17,0,1,0,1,0,unsure
Cesar74@gmail.com,Cesar74,gmail.com,True,74,2,7,0,0,0,0,1,old
Krista59@gmail.com,Krista59,gmail.com,True,59,2,8,0,0,0,0,1,old
sophia_jones2001@gmail.com,sophia_jones2001,gmail.com,True,2001,4,16,1,0,0,0,0,young
Minnie_Nitzsche48@yahoo.com,Minnie_Nitzsche48,yahoo.com,True,48,2,17,1,0,0,0,2,unsure
william.johnson1799@gmail.com,william.johnson1799,gmail.com,True,1799,4,19,0,1,0,1,0,unsure
ethan.lee2002@protonmail.com,ethan.lee2002,protonmail.com,True,2002,4,13,0,1,0,1,0,young
Roger44@gmail.com,Roger44,gmail.com,True,44,2,7,0,0,0,0,1,unsure
Marisol1@gmail.com,Marisol1,gmail.com,True,1,1,8,0,0,0,0,1,old
Terrance28@aol.com,Terrance28,aol.com,True,28,2,10,0,0,0,0,1,unsure
dylan.richards83@gmail.com,dylan.richards83,gmail.com,True,83,2,16,0,1,0,1,0,medium
Cali_Bauch81@icloud.com,Cali_Bauch81,icloud.com,True,81,2,12,1,0,0,0,2,medium
Shany.McLaughlin@tutanota.com,Shany.McLaughlin,tutanota.com,True,12345,0,16,0,1,0,1,3,unsure
Adaline.Stamm83@gmail.com,Adaline.Stamm83,gmail.com,True,83,2,15,0,1,0,1,2,medium
robert.carter@hotmail.com,robert.carter,hotmail.com,True,12345,0,13,0,1,0,1,0,young
Frederique.Cronin45@gmail.com,Frederique.Cronin45,gmail.com,True,45,2,19,0,1,0,1,2,unsure
jason35_glint@gmail.com,jason35_glint,gmail.com,True,35,2,13,1,0,0,0,0,medium
Barbara_Kub@tutanota.com,Barbara_Kub,tutanota.com,True,12345,0,11,1,0,0,0,2,unsure
david.phillips@outlook.com,david.phillips,outlook.com,True,12345,0,14,0,1,0,1,0,unsure
m.williams1998@icloud.com,m.williams1998,icloud.com,True,1998,4,14,0,1,0,1,0,young
david_roberts1981@gmail.com,david_roberts1981,gmail.com,True,1981,4,17,1,0,0,0,0,medium
lily1983_thompson@protonmail.com,lily1983_thompson,protonmail.com,True,1983,4,17,1,0,0,0,0,medium
ryan1984_hughes@hotmail.com,ryan1984_hughes,hotmail.com,True,1984,4,15,1,0,0,0,0,medium
hailey_sanders4567@gmail.com,hailey_sanders4567,gmail.com,True,4567,4,18,1,0,0,0,0,unsure
david_clark1983@gmail.com,david_clark1983,gmail.com,True,1983,4,15,1,0,0,0,0,medium
Oren_Rau@mail.com,Oren_Rau,mail.com,True,12345,0,8,1,0,0,0,2,unsure
Helena_Bartoletti@aol.com,Helena_Bartoletti,aol.com,True,12345,0,17,1,0,0,0,2,unsure
patricia.bailey@yahoo.,patricia.bailey,yahoo.com,False,12345,0,15,0,1,0,1,0,unsure
"george.scott@yahoo,com",george.scott,yahoo.com,False,12345,0,12,0,1,0,1,0,unsure
Jaquelin.Hermann13@tutanota.com,Jaquelin.Hermann13,tutanota.com,True,13,2,18,0,1,0,1,2,unsure
Joey_Gottlieb@aol.com,Joey_Gottlieb,aol.com,True,12345,0,13,1,0,0,0,2,unsure
george.scott@yahoo.com,george.scott,yahoo.com,True,12345,0,12,0,1,0,1,0,unsure
Devante_Deckow@gmail.com,Devante_Deckow,gmail.com,True,12345,0,14,1,0,0,0,2,unsure
Tom_Torp@gmail.com,Tom_Torp,gmail.com,True,12345,0,8,1,0,0,0,2,old
daniel_clark@outlook.com,daniel_clark,outlook.com,True,12345,0,12,1,0,0,0,0,unsure
rebecca.scott@outlook,rebecca.scott,outlook.com,False,12345,0,13,0,1,0,1,0,young
james.clark@protonmail.com,james.clark,protonmail.com,True,12345,0,11,0,1,0,1,0,unsure
emma..watson@yahoo.com,emma..watson,yahoo.com,True,12345,0,12,0,1,0,1,0,unsure
Imelda.Kemmer@tutanota.com,Imelda.Kemmer,tutanota.com,True,12345,0,13,0,1,0,1,2,old
caleb_powell1989@gmail.com,caleb_powell1989,gmail.com,True,1989,4,16,1,0,0,0,0,medium
samuel.6782clark@gmail.com,samuel.6782clark,gmail.com,True,6782,4,16,0,1,0,1,0,unsure
Jaren16@tutanota.com,Jaren16,tutanota.com,True,16,2,7,0,0,0,0,1,medium
emma_9010thompson@gmail.com,emma_9010thompson,gmail.com,True,9010,4,17,1,0,0,0,0,unsure
peter.ward@gmailcom,peter.ward,gmail.com,False,12345,0,10,0,1,0,1,0,medium
Fay.Kertzmann@mail.com,Fay.Kertzmann,mail.com,True,12345,0,13,0,1,0,1,2,unsure
nancy.morris@yahoo.com,nancy.morris,yahoo.com,True,12345,0,12,0,1,0,1,0,unsure
Jacques.Grady55@protonmail.com,Jacques.Grady55,protonmail.com,True,55,2,15,0,1,0,1,2,old
laura.evans@gmail.com,laura.evans,gmail.com,True,12345,0,11,0,1,0,1,0,medium
samantha.jones1994@gmail.com,samantha.jones1994,gmail.com,True,1994,4,18,0,1,0,1,0,medium
jason42_light@yahoo.com,jason42_light,yahoo.com,True,42,2,13,1,0,0,0,0,medium
Arlo8@outlook.com,Arlo8,outlook.com,True,8,1,5,0,0,0,0,1,old
robert.jones@yahoo.com,robert.jones,yahoo.com,True,12345,0,12,0,1,0,1,0,unsure
oliver1123@gmail.com,oliver1123,gmail.com,True,1123,4,10,0,0,0,0,0,unsure
laura.evans@icloud.com,laura.evans,icloud.com,True,12345,0,11,0,1,0,1,0,medium
anna_martin1997@gmail.com,anna_martin1997,gmail.com,True,1997,4,15,1,0,0,0,0,young
Keara.Cartwright59@tutanota.com,Keara.Cartwright59,tutanota.com,True,59,2,18,0,1,0,1,2,old
a.james_1996@gmail.com,a.james_1996,gmail.com,True,1996,4,12,1,1,0,1,0,young
Marshall_Upton32@mail.com,Marshall_Upton32,mail.com,True,32,2,16,1,0,0,0,2,unsure
adam59_blaze@gmail.com,adam59_blaze,gmail.com,True,59,2,12,1,0,0,0,0,old
stephen.morris1764@gmail.com,stephen.morris1764,gmail.com,True,1764,4,18,0,1,0,1,0,unsure
joseph.adams@gmail.com,joseph.adams,gmail.com,True,12345,0,12,0,1,0,1,0,unsure
Gus_Schultz70@aol.com,Gus_Schultz70,aol.com,True,70,2,13,1,0,0,0,2,old
harry93_thomas@hotmail.com,harry93_thomas,hotmail.com,True,93,2,14,1,0,0,0,0,medium
jackson5431_thomas@hotmail.com,jackson5431_thomas,hotmail.com,True,5431,4,18,1,0,0,0,0,unsure
Ernest_Jacobson59@protonmail.com,Ernest_Jacobson59,protonmail.com,True,59,2,17,1,0,0,0,2,old
jacob89_light@gmail.com,jacob89_light,gmail.com,True,89,2,13,1,0,0,0,0,medium
laura.smith@icloud.com,laura.smith,icloud.com,True,12345,0,11,0,1,0,1,0,medium
richard.clark1674@gmail.com,richard.clark1674,gmail.com,True,1674,4,17,0,1,0,1,0,unsure
hailey54_light@gmail.com,hailey54_light,gmail.com,True,54,2,14,1,0,0,0,0,old
"william.moore@icloud,",william.moore,icloud.com,False,12345,0,13,0,1,0,1,0,unsure
joseph.green@hotmail.com,joseph.green,hotmail.com,True,12345,0,12,0,1,0,1,0,young
isaac.bell@outlook.com,isaac.bell,outlook.com,True,12345,0,10,0,1,0,1,0,medium
hailey2001_price@protonmail.com,hailey2001_price,protonmail.com,True,2001,4,16,1,0,0,0,0,young
patricia.morris1691@gmail.com,patricia.morris1691,gmail.com,True,1691,4,19,0,1,0,1,0,unsure
victoria42_heat@yahoo.com,victoria42_heat,yahoo.com,True,42,2,15,1,0,0,0,0,unsure
rebecca.thomas@hotmailcom,rebecca.thomas,hotmail.com,False,12345,0,14,0,1,0,1,0,unsure
daniel99_spark@icloud.com,daniel99_spark,icloud.com,True,99,2,14,1,0,0,0,0,young
Rubye_Jast-Hane17@icloud.com,Rubye_Jast-Hane17,icloud.com,True,17,2,17,1,0,1,1,3,unsure
anthony.ward1825@gmail.com,anthony.ward1825,gmail.com,True,1825,4,16,0,1,0,1,0,unsure
robert.white1725@gmail.com,robert.white1725,gmail.com,True,1725,4,16,0,1,0,1,0,unsure
"edward.king@protonmail,.com",edward.king,protonmail.com,True,12345,0,11,0,1,0,1,0,unsure
emily1998_smith@gmail.com,emily1998_smith,gmail.com,True,1998,4,15,1,0,0,0,0,young
alexis_cooper1992@gmail.com,alexis_cooper1992,gmail.com,True,1992,4,17,1,0,0,0,0,medium
rebecca.jones@icloud.com,rebecca.jones,icloud.com,True,12345,0,13,0,1,0,1,0,unsure
susan..young@gmail.com,susan..young,gmail.com,True,12345,0,12,0,1,0,1,0,unsure
peter.clark@gmail.com,peter.clark,gmail.com,True,12345,0,11,0,1,0,1,0,medium
madeline_butler1996@gmail.com,madeline_butler1996,gmail.com,True,1996,4,19,1,0,0,0,0,young
charles.mitchell@icloud..com,charles.mitchell,icloud.com,False,12345,0,16,0,1,0,1,0,unsure
"david.young@icloud,",david.young,icloud.com,False,12345,0,11,0,1,0,1,0,medium
Torrey.Luettgen@gmail.com,Torrey.Luettgen,gmail.com,True,12345,0,15,0,1,0,1,2,unsure
david.wilson98@outlook.com,david.wilson98,outlook.com,True,98,2,14,0,1,0,1,0,young
Gunner46@mail.com,Gunner46,mail.com,True,46,2,8,0,0,0,0,1,unsure
margaret.evans@yahoo.com,margaret.evans,yahoo.com,True,12345,0,14,0,1,0,1,0,young
joseph.miller@gmail.com,joseph.miller,gmail.com,True,12345,0,13,0,1,0,1,0,unsure
rebecca.clark@outlook.com,rebecca.clark,outlook.com,True,12345,0,13,0,1,0,1,0,young
olivia1992_williams@gmail.com,olivia1992_williams,gmail.com,True,1992,4,19,1,0,0,0,0,medium
rachel_perez2345@icloud.com,rachel_perez2345,icloud.com,True,2345,4,16,1,0,0,0,0,unsure
Danny.Jacobson74@outlook.com,Danny.Jacobson74,outlook.com,True,74,2,16,0,1,0,1,2,old
simon.johnson@gmail.com,simon.johnson,gmail.com,True,12345,0,13,0,1,0,1,0,unsure
nathan.brooks@aol.com,nathan.brooks,aol.com,True,12345,0,13,0,1,0,1,0,unsure
michael.johnson@gmailcom,michael.johnson,gmail.com,False,12345,0,15,0,1,0,1,0,unsure
george..thomas@outlook.com,george..thomas,outlook.com,True,12345,0,14,0,1,0,1,0,unsure
victoria.white92@hotmail.com,victoria.white92,hotmail.com,True,92,2,16,0,1,0,1,0,medium
Orin.Fisher@tutanota.com,Orin.Fisher,tutanota.com,True,12345,0,11,0,1,0,1,2,unsure
olivia_nelson2004@gmail.com,olivia_nelson2004,gmail.com,True,2004,4,17,1,0,0,0,0,young
Kristian.Dickinson@aol.com,Kristian.Dickinson,aol.com,True,12345,0,18,0,1,0,1,2,unsure
tyler63_flicker@gmail.com,tyler63_flicker,gmail.com,True,63,2,15,1,0,0,0,0,old
Deven57@protonmail.com,Deven57,protonmail.com,True,57,2,7,0,0,0,0,1,old
matthew1992_lee@gmail.com,matthew1992_lee,gmail.com,True,1992,4,15,1,0,0,0,0,medium
Kayden.Schmeler@aol.com,Kayden.Schmeler,aol.com,True,12345,0,15,0,1,0,1,2,unsure
lily4321_w@yahoo.com,lily4321_w,yahoo.com,True,4321,4,10,1,0,0,0,0,young
Ross.Rutherford@tutanota.com,Ross.Rutherford,tutanota.com,True,12345,0,15,0,1,0,1,2,unsure
liam2573@gmail.com,liam2573,gmail.com,True,2573,4,8,0,0,0,0,0,unsure
hannah.adams@gmail.com,hannah.adams,gmail.com,True,12345,0,12,0,1,0,1,0,unsure
julia.doe4321@sub.domain.com,julia.doe4321,sub.domain.com,True,4321,4,13,0,1,0,1,0,unsure
Reyes_Ondricka@mail.com,Reyes_Ondricka,mail.com,True,12345,0,14,1,0,0,0,2,unsure
Moses90@mail.com,Moses90,mail.com,True,90,2,7,0,0,0,0,1,medium
lily_kelly1986@gmail.com,lily_kelly1986,gmail.com,True,1986,4,14,1,0,0,0,0,medium
john2001@gmail.com,john2001,gmail.com,True,2001,4,8,0,0,0,0,0,young
Zora_Goodwin@outlook.com,Zora_Goodwin,outlook.com,True,12345,0,12,1,0,0,0,2,unsure
"emma.king@icloud,",emma.king,icloud.com,False,12345,0,9,0,1,0,1,0,unsure
amanda2003_watson@icloud.com,amanda2003_watson,icloud.com,True,2003,4,17,1,0,0,0,0,young
Francesco_DAmore-Purdy45@gmail.com,Francesco_DAmore-Purdy45,gmail.com,True,45,2,24,1,0,1,1,4,unsure
Domenico.Jacobs35@gmail.com,Domenico.Jacobs35,gmail.com,True,35,2,17,0,1,0,1,2,unsure
Shaun_Wisoky-Lockman23@protonmail.com,Shaun_Wisoky-Lockman23,protonmail.com,True,23,2,22,1,0,1,1,3,unsure
ethan2000_sanders@protonmail.com,ethan2000_sanders,protonmail.com,True,2000,4,17,1,0,0,0,0,young
ethan.hughes01@protonmail.com,ethan.hughes01,protonmail.com,True,01,2,14,0,1,0,1,0,young
george.johnson@aol.com,george.johnson,aol.com,True,12345,0,14,0,1,0,1,0,unsure
sarah.wilson@gmail.com,sarah.wilson,gmail.com,True,12345,0,12,0,1,0,1,0,unsure
jason_barnes87690@gmail.com,jason_barnes87690,gmail.com,True,87690,5,17,1,0,0,0,0,unsure
laura.howard1753@gmail.com,laura.howard1753,gmail.com,True,1753,4,16,0,1,0,1,0,unsure
susan.cook@yahoo.com,susan.cook,yahoo.com,True,12345,0,10,0,1,0,1,0,medium
Toney.Leffler87@yahoo.com,Toney.Leffler87,yahoo.com,True,87,2,15,0,1,0,1,2,medium
ethan_white2002@protonmail.com,ethan_white2002,protonmail.com,True,2002,4,15,1,0,0,0,0,young
megan1993_scott@aol.com,megan1993_scott,aol.com,True,1993,4,15,1,0,0,0,0,medium
Tre_Rau96@tutanota.com,Tre_Rau96,tutanota.com,True,96,2,9,1,0,0,0,2,young
jacob_hall1985@gmail.com,jacob_hall1985,gmail.com,True,1985,4,14,1,0,0,0,0,medium
Johann_Gleason20@aol.com,Johann_Gleason20,aol.com,True,20,2,16,1,0,0,0,2,unsure
eliza.howard@gmailcom,eliza.howard,gmail.com,False,12345,0,12,0,1,0,1,0,unsure
chris1991_walker@gmail.com,chris1991_walker,gmail.com,True,1991,4,16,1,0,0,0,0,medium
amanda_king1999@hotmail.com,amanda_king1999,hotmail.com,True,1999,4,15,1,0,0,0,0,young
rachel.murphy@aol.com,rachel.murphy,aol.com,True,12345,0,13,0,1,0,1,0,unsure
james_brown1985@gmail.com,james_brown1985,gmail.com,True,1985,4,15,1,0,0,0,0,medium
Renee_Bradtke@tutanota.com,Renee_Bradtke,tutanota.com,True,12345,0,13,1,0,0,0,2,old
olivia_smith99991@yahoo.com,olivia_smith99991,yahoo.com,True,99991,5,17,1,0,0,0,0,unsure
Victoria.Jast@gmail.com,Victoria.Jast,gmail.com,True,12345,0,13,0,1,0,1,2,old
madison90_flash@outlook.com,madison90_flash,outlook.com,True,90,2,15,1,0,0,0,0,medium
Nicolette82@protonmail.com,Nicolette82,protonmail.com,True,82,2,11,0,0,0,0,1,medium
charles@davis@gmail.com,charlesdavis,gmail.com,True,12345,0,12,0,0,0,0,0,medium
grace_wilson4501@gmail.com,grace_wilson4501,gmail.com,True,4501,4,16,1,0,0,0,0,young
Helmer.Lockman72@yahoo.com,Helmer.Lockman72,yahoo.com,True,72,2,16,0,1,0,1,2,old
Kevon93@yahoo.com,Kevon93,yahoo.com,True,93,2,7,0,0,0,0,1,medium
laura.foster@icloud.com,laura.foster,icloud.com,True,12345,0,12,0,1,0,1,0,medium
Elias47@aol.com,Elias47,aol.com,True,47,2,7,0,0,0,0,1,unsure
laura_baker12345@icloud.com,laura_baker12345,icloud.com,True,12345,5,16,1,0,0,0,0,unsure
logan2005_bryant@outlook.com,logan2005_bryant,outlook.com,True,2005,4,16,1,0,0,0,0,young
Zaria_Ebert-Glover38@aol.com,Zaria_Ebert-Glover38,aol.com,True,38,2,20,1,0,1,1,3,old
mason1999_watson@hotmail.com,mason1999_watson,hotmail.com,True,1999,4,16,1,0,0,0,0,young
james.morgan@icloud.com,james.morgan,icloud.com,True,12345,0,12,0,1,0,1,0,medium
samantha.miller96@gmail.com,samantha.miller96,gmail.com,True,96,2,17,0,1,0,1,0,young
Gaston_Schuppe-Ryan@protonmail.com,Gaston_Schuppe-Ryan,protonmail.com,True,12345,0,19,1,0,1,1,3,unsure
nathan2000_patel@aol.com,nathan2000_patel,aol.com,True,2000,4,16,1,0,0,0,0,young
carter_hughes2002@gmail.com,carter_hughes2002,gmail.com,True,2002,4,17,1,0,0,0,0,young
Ransom.Turcotte-Heaney97@gmail.com,Ransom.Turcotte-Heaney97,gmail.com,True,97,2,24,0,1,1,1,3,young
susan.green@yahoo.com,susan.green,yahoo.com,True,12345,0,11,0,1,0,1,0,medium
george.baker@hotmail.com,george.baker,hotmail.com,True,12345,0,12,0,1,0,1,0,young
"david.mitchell@gmail,com",david.mitchell,gmail.com,False,12345,0,14,0,1,0,1,0,unsure
logan1982_brooks@gmail.com,logan1982_brooks,gmail.com,True,1982,4,16,1,0,0,0,0,medium
george.harris@yahoo.com,george.harris,yahoo.com,True,12345,0,13,0,1,0,1,0,young
"hannah.adams@gmail,com",hannah.adams,gmail.com,False,12345,0,12,0,1,0,1,0,unsure
william.moore@outlook.com,william.moore,outlook.com,True,12345,0,13,0,1,0,1,0,young
t.jones1997@hotmail.com,t.jones1997,hotmail.com,True,1997,4,11,0,1,0,1,0,young
benjamin_1782.johnson@college.edu,benjamin_1782.johnson,college.edu,True,1782,4,21,1,1,0,1,0,unsure
emily56_gleam@outlook.com,emily56_gleam,outlook.com,True,56,2,13,1,0,0,0,0,old
sophia.wilson@yahoo.com,sophia.wilson,yahoo.com,True,12345,0,13,0,1,0,1,0,young
Leonardo_Osinski@gmail.com,Leonardo_Osinski,gmail.com,True,12345,0,16,1,0,0,0,2,unsure
joseph.clark@outlook.com,joseph.clark,outlook.com,True,12345,0,12,0,1,0,1,0,unsure
Barry.Hahn64@icloud.com,Barry.Hahn64,icloud.com,True,64,2,12,0,1,0,1,2,old
anthony.evans@protonmail.com,anthony.evans,protonmail.com,True,12345,0,13,0,1,0,1,0,unsure
sophia.3452@gmail.com,sophia.3452,gmail.com,True,3452,4,11,0,1,0,1,0,medium
hannah.bryant@aol.com,hannah.bryant,aol.com,True,12345,0,13,0,1,0,1,0,unsure
Brandt20@icloud.com,Brandt20,icloud.com,True,20,2,8,0,0,0,0,1,unsure
emily2000_smith@outlook.com,emily2000_smith,outlook.com,True,2000,4,15,1,0,0,0,0,young
thomas.hall1688@gmail.com,thomas.hall1688,gmail.com,True,1688,4,15,0,1,0,1,0,unsure
Owen_Kutch@aol.com,Owen_Kutch,aol.com,True,12345,0,10,1,0,0,0,2,unsure
sophia.evans@yahoo.com,sophia.evans,yahoo.com,True,12345,0,12,0,1,0,1,0,unsure
amelia.hughes@outlook.com,amelia.hughes,outlook.com,True,12345,0,13,0,1,0,1,0,young
victoria.kelly03@protonmail.com,victoria.kelly03,protonmail.com,True,03,2,16,0,1,0,1,0,young
Bobbie_Bins@yahoo.com,Bobbie_Bins,yahoo.com,True,12345,0,11,1,0,0,0,2,unsure
mary.miller@gmail.com,mary.miller,gmail.com,True,12345,0,11,0,1,0,1,0,medium
Birdie_Lesch85@gmail.com,Birdie_Lesch85,gmail.com,True,85,2,14,1,0,0,0,2,medium
alexis_perez1989@gmail.com,alexis_perez1989,gmail.com,True,1989,4,16,1,0,0,0,0,medium
ethan89_fire@protonmail.com,ethan89_fire,protonmail.com,True,89,2,12,1,0,0,0,0,medium
Lexi.Jerde@protonmail.com,Lexi.Jerde,protonmail.com,True,12345,0,10,0,1,0,1,2,unsure
laura.james@gmail.com,laura.james,gmail.com,True,12345,0,11,0,1,0,1,0,medium
lily_long1985@yahoo.com,lily_long1985,yahoo.com,True,1985,4,13,1,0,0,0,0,medium
jane.baker1728@gmail.com,jane.baker1728,gmail.com,True,1728,4,14,0,1,0,1,0,unsure
rachel1995_w@yahoo.com,rachel1995_w,yahoo.com,True,1995,4,12,1,0,0,0,0,young
kelly.brown93@protonmail.com,kelly.brown93,protonmail.com,True,93,2,13,0,1,0,1,0,medium
Xander.Johns95@protonmail.com,Xander.Johns95,protonmail.com,True,95,2,14,0,1,0,1,2,young
olivia1230_lee@gmail.com,olivia1230_lee,gmail.com,True,1230,4,14,1,0,0,0,0,unsure
laura.anderson@icloud.com,laura.anderson,icloud.com,True,12345,0,14,0,1,0,1,0,unsure
matthew58_glow@gmail.com,matthew58_glow,gmail.com,True,58,2,14,1,0,0,0,0,old
emily.smith94@gmail.com,emily.smith94,gmail.com,True,94,2,13,0,1,0,1,0,medium
Ewell_Donnelly45@aol.com,Ewell_Donnelly45,aol.com,True,45,2,16,1,0,0,0,2,unsure
Maya.Hilll@gmail.com,Maya.Hilll,gmail.com,True,12345,0,10,0,1,0,1,2,unsure
"anthony.evans@protonmail,com",anthony.evans,protonmail.com,False,12345,0,13,0,1,0,1,0,unsure
Conor_OKeefe@outlook.com,Conor_OKeefe,outlook.com,True,12345,0,12,1,0,0,0,3,unsure
jason.brown85@gmail.com,jason.brown85,gmail.com,True,85,2,13,0,1,0,1,0,medium
"sophia.evans@yahoo,com",sophia.evans,yahoo.com,False,12345,0,12,0,1,0,1,0,unsure
mark_wilson4500@yahoo.com,mark_wilson4500,yahoo.com,True,4500,4,15,1,0,0,0,0,unsure
Lonnie_Kulas@gmail.com,Lonnie_Kulas,gmail.com,True,12345,0,12,1,0,0,0,2,unsure
joseph.scott1736@gmail.com,joseph.scott1736,gmail.com,True,1736,4,16,0,1,0,1,0,unsure
Renee.Simonis23@tutanota.com,Renee.Simonis23,tutanota.com,True,23,2,15,0,1,0,1,2,unsure
amelia.gray1746@gmail.com,amelia.gray1746,gmail.com,True,1746,4,15,0,1,0,1,0,unsure
victoria_morris1990@gmail.com,victoria_morris1990,gmail.com,True,1990,4,19,1,0,0,0,0,medium
Gardner0@gmail.com,Gardner0,gmail.com,True,0,1,8,0,0,0,0,1,old
carter_james9999@hotmail.com,carter_james9999,hotmail.com,True,9999,4,16,1,0,0,0,0,unsure
lucy.hill@yahoo.com,lucy.hill,yahoo.com,True,12345,0,9,0,1,0,1,0,unsure
joshua99_bright@gmail.com,joshua99_bright,gmail.com,True,99,2,15,1,0,0,0,0,young
Howell73@tutanota.com,Howell73,tutanota.com,True,73,2,8,0,0,0,0,1,old
nathan.jones@protonmail.com,nathan.jones,protonmail.com,True,12345,0,12,0,1,0,1,0,unsure
elizabeth.walker@protonmail.com,elizabeth.walker,protonmail.com,True,12345,0,16,0,1,0,1,0,unsure
peter.smith@aol.com,peter.smith,aol.com,True,12345,0,11,0,1,0,1,0,medium
Nayeli_Schinner16@protonmail.com,Nayeli_Schinner16,protonmail.com,True,16,2,17,1,0,0,0,2,unsure
chris.lee69@hotmail.com,chris.lee69,hotmail.com,True,69,2,11,0,1,0,1,0,old
Maude_Donnelly@protonmail.com,Maude_Donnelly,protonmail.com,True,12345,0,14,1,0,0,0,2,unsure
ella8901@protonmail.com,ella8901,protonmail.com,True,8901,4,8,0,0,0,0,0,young
Willie.Lemke5@gmail.com,Willie.Lemke5,gmail.com,True,5,1,13,0,1,0,1,2,old
Cayla83@tutanota.com,Cayla83,tutanota.com,True,83,2,7,0,0,0,0,1,medium
sophia.james91@gmail.com,sophia.james91,gmail.com,True,91,2,14,0,1,0,1,0,medium
Anissa49@aol.com,Anissa49,aol.com,True,49,2,8,0,0,0,0,1,unsure
nathan.anderson@gmail.com,nathan.anderson,gmail.com,True,12345,0,15,0,1,0,1,0,unsure
Deon29@outlook.com,Deon29,outlook.com,True,29,2,6,0,0,0,0,1,unsure
Delaney_Krajcik@aol.com,Delaney_Krajcik,aol.com,True,12345,0,15,1,0,0,0,2,unsure
abigail32_light@yahoo.com,abigail32_light,yahoo.com,True,32,2,15,1,0,0,0,0,unsure
grace.hughes@hotmailcom,grace.hughes,hotmail.com,False,12345,0,12,0,1,0,1,0,young
claire_mitchell2005@gmail.com,claire_mitchell2005,gmail.com,True,2005,4,19,1,0,0,0,0,young
amanda61_spark@icloud.com,amanda61_spark,icloud.com,True,61,2,14,1,0,0,0,0,old
robert.clark@outlook.com,robert.clark,outlook.com,True,12345,0,12,0,1,0,1,0,unsure
lily1985_butler@yahoo.com,lily1985_butler,yahoo.com,True,1985,4,15,1,0,0,0,0,medium
Corrine84@gmail.com,Corrine84,gmail.com,True,84,2,9,0,0,0,0,1,medium
john.anderson@protonmail.com,john.anderson,protonmail.com,True,12345,0,13,0,1,0,1,0,unsure
Raina14@tutanota.com,Raina14,tutanota.com,True,14,2,7,0,0,0,0,1,medium
sarah.carter@yahoo.com,sarah.carter,yahoo.com,True,12345,0,12,0,1,0,1,0,unsure
henry.wright@protonmailcom,henry.wright,protonmail.com,False,12345,0,12,0,1,0,1,0,unsure
sarah.miller@protonmail.com,sarah.miller,protonmail.com,True,12345,0,12,0,1,0,1,0,unsure
margaret.bell@protonmail.com,margaret.bell,protonmail.com,True,12345,0,13,0,1,0,1,0,unsure
karen_hall2003@gmail.com,karen_hall2003,gmail.com,True,2003,4,14,1,0,0,0,0,young
Marian.Morar@aol.com,Marian.Morar,aol.com,True,12345,0,12,0,1,0,1,2,old
Tabitha_Lubowitz94@outlook.com,Tabitha_Lubowitz94,outlook.com,True,94,2,18,1,0,0,0,2,medium
victoria2002_kelly@protonmail.com,victoria2002_kelly,protonmail.com,True,2002,4,18,1,0,0,0,0,young
simon.harris@aol.com,simon.harris,aol.com,True,12345,0,12,0,1,0,1,0,unsure
Melyna15@aol.com,Melyna15,aol.com,True,15,2,8,0,0,0,0,1,unsure
Kelly_Hammes@tutanota.com,Kelly_Hammes,tutanota.com,True,12345,0,12,1,0,0,0,2,unsure
michael.wilson@protonmail.com,michael.wilson,protonmail.com,True,12345,0,14,0,1,0,1,0,unsure
elizabeth.moore@yahoo.com,elizabeth.moore,yahoo.com,True,12345,0,15,0,1,0,1,0,unsure
patrick.bell1773@gmail.com,patrick.bell1773,gmail.com,True,1773,4,16,0,1,0,1,0,unsure
kathy2000_b@outlook.com,kathy2000_b,outlook.com,True,2000,4,11,1,0,0,0,0,young
matthew_green1984@gmail.com,matthew_green1984,gmail.com,True,1984,4,17,1,0,0,0,0,medium
lily49_bright@protonmail.com,lily49_bright,protonmail.com,True,49,2,13,1,0,0,0,0,medium
claire_watson1998@gmail.com,claire_watson1998,gmail.com,True,1998,4,17,1,0,0,0,0,young
Orlo67@tutanota.com,Orlo67,tutanota.com,True,67,2,6,0,0,0,0,1,old
madison.butler89@outlook.com,madison.butler89,outlook.com,True,89,2,16,0,1,0,1,0,medium
isabella4329@hotmail.com,isabella4329,hotmail.com,True,4329,4,12,0,0,0,0,0,unsure
sarah_miller2000@gmail.com,sarah_miller2000,gmail.com,True,2000,4,16,1,0,0,0,0,young
dylan_sanders1984@gmail.com,dylan_sanders1984,gmail.com,True,1984,4,17,1,0,0,0,0,medium
hannah.smith@protonmail.com,hannah.smith,protonmail.com,True,12345,0,12,0,1,0,1,0,unsure
Kallie_Schuppe@aol.com,Kallie_Schuppe,aol.com,True,12345,0,14,1,0,0,0,2,old
madison_butler6789@outlook.com,madison_butler6789,outlook.com,True,6789,4,18,1,0,0,0,0,unsure
Jacquelyn21@aol.com,Jacquelyn21,aol.com,True,21,2,11,0,0,0,0,1,unsure
Demetrius.Kris@outlook.com,Demetrius.Kris,outlook.com,True,12345,0,14,0,1,0,1,2,unsure
dorothy.gray@protonmail.com,dorothy.gray,protonmail.com,True,12345,0,12,0,1,0,1,0,unsure
catherine.jones@aol.com,catherine.jones,aol.com,True,12345,0,15,0,1,0,1,0,unsure
nathan.moore@icloud.com,nathan.moore,icloud.com,True,12345,0,12,0,1,0,1,0,medium
Jonas.Bruen9@gmail.com,Jonas.Bruen9,gmail.com,True,9,1,12,0,1,0,1,2,old
claire.harris87@outlook.com,claire.harris87,outlook.com,True,87,2,15,0,1,0,1,0,medium
henry1234.smith@outlook.com,henry1234.smith,outlook.com,True,1234,4,15,0,1,0,1,0,unsure
lucy.adams@icloud.com,lucy.adams,icloud.com,True,12345,0,10,0,1,0,1,0,medium
laura38_glint@gmail.com,laura38_glint,gmail.com,True,38,2,13,1,0,0,0,0,medium
Viviane.Schimmel33@gmail.com,Viviane.Schimmel33,gmail.com,True,33,2,18,0,1,0,1,2,unsure
Marilou.Koepp55@mail.com,Marilou.Koepp55,mail.com,True,55,2,15,0,1,0,1,2,old
Liliana.Hoppe25@tutanota.com,Liliana.Hoppe25,tutanota.com,True,25,2,15,0,1,0,1,2,unsure
madison_henderson1981@gmail.com,madison_henderson1981,gmail.com,True,1981,4,21,1,0,0,0,0,medium
paul.simmons1761@gmail.com,paul.simmons1761,gmail.com,True,1761,4,16,0,1,0,1,0,unsure
margaret.anderson@hotmail.com,margaret.anderson,hotmail.com,True,12345,0,17,0,1,0,1,0,unsure
jessica1997_evans@gmail.com,jessica1997_evans,gmail.com,True,1997,4,17,1,0,0,0,0,young
charles.davis1776@gmail.com,charles.davis1776,gmail.com,True,1776,4,17,0,1,0,1,0,unsure
john_1987doe@gmail.com,john_1987doe,gmail.com,True,1987,4,12,1,0,0,0,0,medium
matthew.adams85@icloud.com,matthew.adams85,icloud.com,True,85,2,15,0,1,0,1,0,medium
william.wright@outlook.com,william.wright,outlook.com,True,12345,0,14,0,1,0,1,0,unsure
Torrey19@mail.com,Torrey19,mail.com,True,19,2,8,0,0,0,0,1,unsure
Al10@protonmail.com,Al10,protonmail.com,True,10,2,4,0,0,0,0,1,unsure
laura_1992.brown@company.co.uk,laura_1992.brown,company.co.uk,True,1992,4,16,1,1,0,1,0,medium
samuel.evans1730@gmail.com,samuel.evans1730,gmail.com,True,1730,4,16,0,1,0,1,0,unsure
Madalyn_Schroeder66@outlook.com,Madalyn_Schroeder66,outlook.com,True,66,2,19,1,0,0,0,2,old
daniel.phillips@hotmail.com,daniel.phillips,hotmail.com,True,12345,0,15,0,1,0,1,0,unsure
Kadin.Kutch@aol.com,Kadin.Kutch,aol.com,True,12345,0,11,0,1,0,1,2,old
Claud_Boyle81@aol.com,Claud_Boyle81,aol.com,True,81,2,13,1,0,0,0,2,medium
Wanda74@outlook.com,Wanda74,outlook.com,True,74,2,7,0,0,0,0,1,old
paul.davis@yahoo.com,paul.davis,yahoo.com,True,12345,0,10,0,1,0,1,0,medium
Rosario_Jaskolski94@protonmail.com,Rosario_Jaskolski94,protonmail.com,True,94,2,19,1,0,0,0,2,medium
Gerald.Carroll68@mail.com,Gerald.Carroll68,mail.com,True,68,2,16,0,1,0,1,2,old
nicholas_phillips1982@gmail.com,nicholas_phillips1982,gmail.com,True,1982,4,21,1,0,0,0,0,medium
Antwon.Harvey@protonmail.com,Antwon.Harvey,protonmail.com,True,12345,0,13,0,1,0,1,2,unsure
tom_clark.6543@mail.service.com,tom_clark.6543,mail.service.com,True,6543,4,14,1,1,0,1,0,unsure
anna65_burn@hotmail.com,anna65_burn,hotmail.com,True,65,2,11,1,0,0,0,0,old
Arnold12@tutanota.com,Arnold12,tutanota.com,True,12,2,8,0,0,0,0,1,unsure
michael_davis1988@gmail.com,michael_davis1988,gmail.com,True,1988,4,17,1,0,0,0,0,medium
robert.carter@hotmailcom,robert.carter,hotmail.com,False,12345,0,13,0,1,0,1,0,young
victoria1998_carter@yahoo.com,victoria1998_carter,yahoo.com,True,1998,4,19,1,0,0,0,0,young
emma.watson1821@gmail.com,emma.watson1821,gmail.com,True,1821,4,15,0,1,0,1,0,unsure
jasmine_ross2004@gmail.com,jasmine_ross2004,gmail.com,True,2004,4,16,1,0,0,0,0,young
james.clark@yahoo.com,james.clark,yahoo.com,True,12345,0,11,0,1,0,1,0,medium
1994_kathy_jones@icloud.com,1994_kathy_jones,icloud.com,True,1994,4,16,1,0,0,0,0,medium
ethan27_heat@yahoo.com,ethan27_heat,yahoo.com,True,27,2,12,1,0,0,0,0,unsure
Eldora_Simonis@tutanota.com,Eldora_Simonis,tutanota.com,True,12345,0,14,1,0,0,0,2,unsure
catherine.davis@gmail.com,catherine.davis,gmail.com,True,12345,0,15,0,1,0,1,0,unsure
mason74_fire@hotmail.com,mason74_fire,hotmail.com,True,74,2,12,1,0,0,0,0,old
david2005_king@hotmail.com,david2005_king,hotmail.com,True,2005,4,14,1,0,0,0,0,young
Christina23@protonmail.com,Christina23,protonmail.com,True,23,2,11,0,0,0,0,1,unsure
emily_jones1992@gmail.com,emily_jones1992,gmail.com,True,1992,4,15,1,0,0,0,0,medium
Verlie53@gmail.com,Verlie53,gmail.com,True,53,2,8,0,0,0,0,1,old
Kurt72@yahoo.com,Kurt72,yahoo.com,True,72,2,6,0,0,0,0,1,old
abigail_powell3456@yahoo.com,abigail_powell3456,yahoo.com,True,3456,4,18,1,0,0,0,0,unsure
luke2003@protonmail.com,luke2003,protonmail.com,True,2003,4,8,0,0,0,0,0,young
ryan_williams2001@gmail.com,ryan_williams2001,gmail.com,True,2001,4,17,1,0,0,0,0,young
william.moore@icloud.com,william.moore,icloud.com,True,12345,0,13,0,1,0,1,0,unsure
margaret.davis@outlook.com,margaret.davis,outlook.com,True,12345,0,14,0,1,0,1,0,unsure
Dillan52@icloud.com,Dillan52,icloud.com,True,52,2,8,0,0,0,0,1,old
Lauren.Waelchi41@gmail.com,Lauren.Waelchi41,gmail.com,True,41,2,16,0,1,0,1,2,unsure
Tanya.Watsica@gmail.com,Tanya.Watsica,gmail.com,True,12345,0,13,0,1,0,1,2,old
anna2004_jones@hotmail.com,anna2004_jones,hotmail.com,True,2004,4,14,1,0,0,0,0,young
jacob1986_baker@gmail.com,jacob1986_baker,gmail.com,True,1986,4,15,1,0,0,0,0,medium
amanda1989_roberts@hotmail.com,amanda1989_roberts,hotmail.com,True,1989,4,18,1,0,0,0,0,medium
katherine.hill@outlook..,katherine.hill,outlook.com,False,12345,0,14,0,1,0,1,0,unsure
william.morris@icloud.com,william.morris,icloud.com,True,12345,0,14,0,1,0,1,0,unsure
emma_adams2000@gmail.com,emma_adams2000,gmail.com,True,2000,4,14,1,0,0,0,0,young
charles.wilson@aol.com,charles.wilson,aol.com,True,12345,0,14,0,1,0,1,0,unsure
Rhoda67@gmail.com,Rhoda67,gmail.com,True,67,2,7,0,0,0,0,1,old
Hollis96@gmail.com,Hollis96,gmail.com,True,96,2,8,0,0,0,0,1,young
Alvah.Carter@tutanota.com,Alvah.Carter,tutanota.com,True,12345,0,12,0,1,0,1,2,old
hannah.baker@yahoo.com,hannah.baker,yahoo.com,True,12345,0,12,0,1,0,1,0,unsure
Jackson.Kuhic41@protonmail.com,Jackson.Kuhic41,protonmail.com,True,41,2,15,0,1,0,1,2,unsure
lucas7812@outlook.com,lucas7812,outlook.com,True,7812,4,9,0,0,0,0,0,unsure
robert..walker@aolcom,robert..walker,aol.com,False,12345,0,14,0,1,0,1,0,unsure
"mary.cook@outlook,",mary.cook,outlook.com,False,12345,0,9,0,1,0,1,0,unsure
Delilah_Bernier-Wintheiser@yahoo.com,Delilah_Bernier-Wintheiser,yahoo.com,True,12345,0,26,1,0,1,1,3,unsure
Aida.Hermiston@outlook.com,Aida.Hermiston,outlook.com,True,12345,0,14,0,1,0,1,2,unsure
hailey_bryant1983@gmail.com,hailey_bryant1983,gmail.com,True,1983,4,17,1,0,0,0,0,medium
Alphonso.Schowalter51@gmail.com,Alphonso.Schowalter51,gmail.com,True,51,2,21,0,1,0,1,2,old
adam_price1987@gmail.com,adam_price1987,gmail.com,True,1987,4,14,1,0,0,0,0,medium
"paul.cook@icloud,com",paul.cook,icloud.com,False,12345,0,9,0,1,0,1,0,unsure
l.green2001@protonmail.com,l.green2001,protonmail.com,True,2001,4,11,0,1,0,1,0,young
Willis17@gmail.com,Willis17,gmail.com,True,17,2,8,0,0,0,0,1,old
Jermain_Dach61@gmail.com,Jermain_Dach61,gmail.com,True,61,2,14,1,0,0,0,2,old
Dorris.Lueilwitz@tutanota.com,Dorris.Lueilwitz,tutanota.com,True,12345,0,16,0,1,0,1,2,unsure
Hassan.OReilly23@outlook.com,Hassan.OReilly23,outlook.com,True,23,2,16,0,1,0,1,3,unsure
alexis1993_cooper@gmail.com,alexis1993_cooper,gmail.com,True,1993,4,17,1,0,0,0,0,medium
Soledad_Daniel75@gmail.com,Soledad_Daniel75,gmail.com,True,75,2,16,1,0,0,0,2,medium
dorothy.phillips1784@gmail.com,dorothy.phillips1784,gmail.com,True,1784,4,20,0,1,0,1,0,unsure
betty_1994hill@icloud.com,betty_1994hill,icloud.com,True,1994,4,14,1,0,0,0,0,medium
mary.bryant@outlookcom,mary.bryant,outlook.com,False,12345,0,11,0,1,0,1,0,medium
anna.harris1829@gmail.com,anna.harris1829,gmail.com,True,1829,4,15,0,1,0,1,0,unsure
emma.jones@gmail.com,emma.jones,gmail.com,True,12345,0,10,0,1,0,1,0,medium
5432_tina_jones@icloud.com,5432_tina_jones,icloud.com,True,5432,4,15,1,0,0,0,0,unsure
Fae71@tutanota.com,Fae71,tutanota.com,True,71,2,5,0,0,0,0,1,old
margaret.harris@outlook.com,margaret.harris,outlook.com,True,12345,0,15,0,1,0,1,0,unsure
mason9904@icloud.com,mason9904,icloud.com,True,9904,4,9,0,0,0,0,0,unsure
james.wilson1805@gmail.com,james.wilson1805,gmail.com,True,1805,4,16,0,1,0,1,0,unsure
"nathan.jones@protonmail,com",nathan.jones,protonmail.com,False,12345,0,12,0,1,0,1,0,unsure
alice.evans@icloud.com,alice.evans,icloud.com,True,12345,0,11,0,1,0,1,0,medium
george.green@hotmail.com,george.green,hotmail.com,True,12345,0,12,0,1,0,1,0,young
olivia_johnson1991@gmail.com,olivia_johnson1991,gmail.com,True,1991,4,18,1,0,0,0,0,medium
lee_michael1989@yahoo.com,lee_michael1989,yahoo.com,True,1989,4,15,1,0,0,0,0,medium
charles.davis@aol.com,charles.davis,aol.com,True,12345,0,13,0,1,0,1,0,unsure
Jayson.Kohler@tutanota.com,Jayson.Kohler,tutanota.com,True,12345,0,13,0,1,0,1,2,old
Arlene.Kuphal@protonmail.com,Arlene.Kuphal,protonmail.com,True,12345,0,13,0,1,0,1,2,unsure
chris.roberts96@gmail.com,chris.roberts96,gmail.com,True,96,2,15,0,1,0,1,0,young
anna_hall1987@yahoo.com,anna_hall1987,yahoo.com,True,1987,4,13,1,0,0,0,0,medium
logan95_flicker@outlook.com,logan95_flicker,outlook.com,True,95,2,15,1,0,0,0,0,young
nancy.baker@outlook..com,nancy.baker,outlook.com,False,12345,0,11,0,1,0,1,0,medium
susan.jackson1768@gmail.com,susan.jackson1768,gmail.com,True,1768,4,17,0,1,0,1,0,unsure
mary.moore1657@gmail.com,mary.moore1657,gmail.com,True,1657,4,14,0,1,0,1,0,unsure
catherine.lewis1815@gmail.com,catherine.lewis1815,gmail.com,True,1815,4,19,0,1,0,1,0,unsure
kelly1997@yahoo.com,kelly1997,yahoo.com,True,1997,4,9,0,0,0,0,0,young
johnson.michael90@yahoo.com,johnson.michael90,yahoo.com,True,90,2,17,0,1,0,1,0,medium
Annabell20@tutanota.com,Annabell20,tutanota.com,True,20,2,10,0,0,0,0,1,old
Breanne74@gmail.com,Breanne74,gmail.com,True,74,2,9,0,0,0,0,1,old
Herminia.Brekke@gmail.com,Herminia.Brekke,gmail.com,True,12345,0,15,0,1,0,1,2,unsure
william1988.smith@outlook.com,william1988.smith,outlook.com,True,1988,4,17,0,1,0,1,0,medium
samantha_miller1996@gmail.com,samantha_miller1996,gmail.com,True,1996,4,19,1,0,0,0,0,young
sophia.anderson@protonmail.com,sophia.anderson,protonmail.com,True,12345,0,15,0,1,0,1,0,unsure
Harvey.Ullrich@tutanota.com,Harvey.Ullrich,tutanota.com,True,12345,0,14,0,1,0,1,2,unsure
hannah.phillips@hotmail.com,hannah.phillips,hotmail.com,True,12345,0,15,0,1,0,1,0,unsure
Amber.Bogisich21@gmail.com,Amber.Bogisich21,gmail.com,True,21,2,16,0,1,0,1,2,unsure
jessica_evans2004@gmail.com,jessica_evans2004,gmail.com,True,2004,4,17,1,0,0,0,0,young
Destini63@tutanota.com,Destini63,tutanota.com,True,63,2,9,0,0,0,0,1,old
james.lewis@protonmail.com,james.lewis,protonmail.com,True,12345,0,11,0,1,0,1,0,unsure
samantha14_gleam@icloud.com,samantha14_gleam,icloud.com,True,14,2,16,1,0,0,0,0,unsure
Dario.Hilpert@gmail.com,Dario.Hilpert,gmail.com,True,12345,0,13,0,1,0,1,2,old
mary.bell@icloud.com,mary.bell,icloud.com,True,12345,0,9,0,1,0,1,0,unsure
Carolina.Hoppe80@gmail.com,Carolina.Hoppe80,gmail.com,True,80,2,16,0,1,0,1,2,medium
tyler_long1993@gmail.com,tyler_long1993,gmail.com,True,1993,4,14,1,0,0,0,0,medium
"nancy.morris@yahoo,",nancy.morris,yahoo.com,False,12345,0,12,0,1,0,1,0,unsure
andrew.adams1790@gmail.com,andrew.adams1790,gmail.com,True,1790,4,16,0,1,0,1,0,unsure
britney2002@icloud.com,britney2002,icloud.com,True,2002,4,11,0,0,0,0,0,young
Sierra43@outlook.com,Sierra43,outlook.com,True,43,2,8,0,0,0,0,1,unsure
hannah.thomas@outlook.com,hannah.thomas,outlook.com,True,12345,0,13,0,1,0,1,0,young
john.smith1750@gmail.com,john.smith1750,gmail.com,True,1750,4,14,0,1,0,1,0,unsure
peter.morgan1669@gmail.com,peter.morgan1669,gmail.com,True,1669,4,16,0,1,0,1,0,unsure
charles.green@hotmail.com,charles.green,hotmail.com,True,12345,0,13,0,1,0,1,0,young
isaac.hughes1658@gmail.com,isaac.hughes1658,gmail.com,True,1658,4,16,0,1,0,1,0,unsure
Matt_Lesch87@aol.com,Matt_Lesch87,aol.com,True,87,2,12,1,0,0,0,2,medium
andrew97_flame@gmail.com,andrew97_flame,gmail.com,True,97,2,14,1,0,0,0,0,young
Odie.Greenholt69@aol.com,Odie.Greenholt69,aol.com,True,69,2,16,0,1,0,1,2,old
patricia.bailey@yahoo.com,patricia.bailey,yahoo.com,True,12345,0,15,0,1,0,1,0,unsure
michael.adams@gmail.com,michael.adams,gmail.com,True,12345,0,13,0,1,0,1,0,unsure
ryan_cooper2001@gmail.com,ryan_cooper2001,gmail.com,True,2001,4,15,1,0,0,0,0,young
simon.adams@gmail.com,simon.adams,gmail.com,True,12345,0,11,0,1,0,1,0,medium
Mathilde2@gmail.com,Mathilde2,gmail.com,True,2,1,9,0,0,0,0,1,unsure
jason.lee77@yahoo.com,jason.lee77,yahoo.com,True,77,2,11,0,1,0,1,0,medium
Jedidiah_Glover9@gmail.com,Jedidiah_Glover9,gmail.com,True,9,1,16,1,0,0,0,2,unsure
nathan.brown@icloud.com,nathan.brown,icloud.com,True,12345,0,12,0,1,0,1,0,medium
laura.walker@protonmailcom,laura.walker,protonmail.com,False,12345,0,12,0,1,0,1,0,unsure
Soledad_Rau76@protonmail.com,Soledad_Rau76,protonmail.com,True,76,2,13,1,0,0,0,2,medium
kevin_brooks1997@gmail.com,kevin_brooks1997,gmail.com,True,1997,4,16,1,0,0,0,0,young
Reymundo.Bayer93@aol.com,Reymundo.Bayer93,aol.com,True,93,2,16,0,1,0,1,2,medium
Alfonzo_Hermiston72@yahoo.com,Alfonzo_Hermiston72,yahoo.com,True,72,2,19,1,0,0,0,2,old
mia_smith7890@gmail.com,mia_smith7890,gmail.com,True,7890,4,13,1,0,0,0,0,medium
zoe27_flame@aol.com,zoe27_flame,aol.com,True,27,2,11,1,0,0,0,0,young
dylan_richards1983@gmail.com,dylan_richards1983,gmail.com,True,1983,4,18,1,0,0,0,0,medium
Aiden81@gmail.com,Aiden81,gmail.com,True,81,2,7,0,0,0,0,1,medium
chris92_shine@gmail.com,chris92_shine,gmail.com,True,92,2,13,1,0,0,0,0,medium
michael1998@hotmail.com,michael1998,hotmail.com,True,1998,4,11,0,0,0,0,0,young
matthew.roberts@protonmail@com,matthew.roberts,protonmail.com,False,12345,0,15,0,1,0,1,0,unsure
Beatrice.Block@tutanota.com,Beatrice.Block,tutanota.com,True,12345,0,14,0,1,0,1,2,unsure
robert_turner87654@protonmail.com,robert_turner87654,protonmail.com,True,87654,5,18,1,0,0,0,0,young
Romaine79@outlook.com,Romaine79,outlook.com,True,79,2,9,0,0,0,0,1,medium
sophia.roberts@protonmail.com,sophia.roberts,protonmail.com,True,12345,0,14,0,1,0,1,0,unsure
Thea65@yahoo.com,Thea65,yahoo.com,True,65,2,6,0,0,0,0,1,old
david.king1810@gmail.com,david.king1810,gmail.com,True,1810,4,14,0,1,0,1,0,unsure
Vidal_Wintheiser@gmail.com,Vidal_Wintheiser,gmail.com,True,12345,0,16,1,0,0,0,2,unsure
Korey39@icloud.com,Korey39,icloud.com,True,39,2,7,0,0,0,0,1,unsure
charles.mitchell@icloud.com,charles.mitchell,icloud.com,True,12345,0,16,0,1,0,1,0,unsure
margaret@anderson@hotmail.com,margaretanderson,hotmail.com,True,12345,0,16,0,0,0,0,0,unsure
Guadalupe_Schiller-Renner79@gmail.com,Guadalupe_Schiller-Renner79,gmail.com,True,79,2,27,1,0,1,1,3,medium
ava_6657@aol.com,ava_6657,aol.com,True,6657,4,8,1,0,0,0,0,young
Daphney91@gmail.com,Daphney91,gmail.com,True,91,2,9,0,0,0,0,1,medium
Ross5@gmail.com,Ross5,gmail.com,True,5,1,5,0,0,0,0,1,unsure
henry.jackson@yahoo.com,henry.jackson,yahoo.com,True,12345,0,13,0,1,0,1,0,young
Earl72@aol.com,Earl72,aol.com,True,72,2,6,0,0,0,0,1,old
tyler1995_hayes@gmail.com,tyler1995_hayes,gmail.com,True,1995,4,15,1,0,0,0,0,young
Darrion.Corkery@gmail.com,Darrion.Corkery,gmail.com,True,12345,0,15,0,1,0,1,2,unsure
Lyla.Frami20@yahoo.com,Lyla.Frami20,yahoo.com,True,20,2,12,0,1,0,1,2,old
Greg_Friesen@yahoo.com,Greg_Friesen,yahoo.com,True,12345,0,12,1,0,0,0,2,unsure
simon.peters@hotmailcom,simon.peters,hotmail.com,False,12345,0,12,0,1,0,1,0,young
joshua_bell2000@gmail.com,joshua_bell2000,gmail.com,True,2000,4,15,1,0,0,0,0,young
Ruthe.Toy@tutanota.com,Ruthe.Toy,tutanota.com,True,12345,0,9,0,1,0,1,2,unsure
martha.wright@yahoo.com,martha.wright,yahoo.com,True,12345,0,13,0,1,0,1,0,young
daniel.cook1817@gmail.com,daniel.cook1817,gmail.com,True,1817,4,15,0,1,0,1,0,unsure
Giovani_Bechtelar@gmail.com,Giovani_Bechtelar,gmail.com,True,12345,0,17,1,0,0,0,2,unsure
madeline25_spark@aol.com,madeline25_spark,aol.com,True,25,2,16,1,0,0,0,0,unsure
grace.hughes@hotmail.com,grace.hughes,hotmail.com,True,12345,0,12,0,1,0,1,0,young
grace92_anderson@protonmail.com,grace92_anderson,protonmail.com,True,92,2,16,1,0,0,0,0,medium
caleb1996_phillips@icloud.com,caleb1996_phillips,icloud.com,True,1996,4,18,1,0,0,0,0,young
Floyd_Lueilwitz@tutanota.com,Floyd_Lueilwitz,tutanota.com,True,12345,0,15,1,0,0,0,2,unsure
