First Name,Last Name,Domain,Extracted Numbers,Birth Year,Age Class
Elody,OConner51,gmail.com,51,1951,old
lily,long85,yahoo.com,85,1985,medium
simon,ward,protonmailcom,,,unsure
benjamin,phillips,hotmail.com,,,unsure
robert,walker,aol.com,,,unsure
samantha,turner1987,gmail.com,1987,1987,medium
matthew7843,matthew7843,icloud.com,7843,,unsure
matthew,lewis,gmail,,,unsure
Jerrod,Considine79,yahoo.com,79,1979,medium
Beverly,Renner,outlook.com,,,unsure
smith,kelly1996,aol.com,1996,1996,young
michael,kane1986,hotmail.com,1986,1986,medium
Dock,King,yahoo.com,,,unsure
Elmo,Weissnat,mail.com,,,unsure
Nils,Pacocha24,tutanota.com,24,2024,young
claire,harris9987,outlook.com,9987,,unsure
peter,jackson,aol,,,unsure
paul,baker,aolcom,,,unsure
Maiya,Huel47,aol.com,47,1947,old
zoe1983,barnes,aol.com,1983,1983,medium
Jaclyn,Littel,aol.com,,,unsure
mary,green,yahoo.com,,,unsure
mandy,04,gmail.com,04,2004,young
laura,foster,icloud..com,,,unsure
jessica,evans04,gmail.com,04,2004,young
nathan,james95,outlook.com,95,1995,young
Raina,OHara70,outlook.com,70,1970,old
luke,barnes2006,gmail.com,2006,2006,young
nathan,brooks,icloud,,,unsure
matthew,roberts,protonmail.com,,,unsure
susan,brown,gmail.com,,,unsure
natalie9872,smith,yahoo.com,9872,,unsure
peter,ward,gmail.com,,,unsure
rebecca,thomas,hotmail.com,,,unsure
amelia,simmons,yahoo,,,unsure
carter85,burn,hotmail.com,85,1985,medium
amanda78,flash,hotmail.com,78,1978,medium
Ernie88,Ernie88,icloud.com,88,1988,medium
sophia,brown,hotmail,,,unsure
Kennedy,Schmidt59,gmail.com,59,1959,old
james1980,clark,gmail.com,1980,1980,medium
Morris,Vandervort,gmail.com,,,unsure
Ayden28,Ayden28,yahoo.com,28,,unsure
zoe,richards1995,gmail.com,1995,1995,young
hailey1998,turner,gmail.com,1998,1998,young
anna,harris,icloud.com,,,unsure
david,roberts81,gmail.com,81,1981,medium
alice,evans,icloud..,,,unsure
Jose,Hayes62,mail.com,62,1962,old
victoria,carter1984,yahoo.com,1984,1984,medium
robert,mitchell,gmail.com,,,unsure
eliza,brooks1702,gmail.com,1702,,unsure
emily,wood1696,gmail.com,1696,,unsure
alexis43,flare,gmail.com,43,1943,old
Roel37,Roel37,yahoo.com,37,1937,old
david66,glow,hotmail.com,66,1966,old
madeline1986,ross,aol.com,1986,1986,medium
samantha1996,green,icloud.com,1996,1996,young
madison1991,bell,outlook.com,1991,1991,medium
john,morris,gmail.com,,,unsure
Clement,Stamm37,gmail.com,37,1937,old
emma,johnson1999,outlook.com,1999,1999,young
Alanna,Bode-Altenwerth66,yahoo.com,66,1966,old
rebecca,scott,outlook.com,,,unsure
Chanelle71,Chanelle71,outlook.com,71,1971,old
martha,martha,wright,,,unsure
logan,turner1998,outlook.com,1998,1998,young
emily,smith06,outlook.com,06,2006,young
kevin,2003thompson,gmail.com,2003,2003,young
mark,smith2004,gmail.com,2004,2004,young
Kameron21,Kameron21,mail.com,21,2021,young
thomas,hall,gmail.com,,,unsure
logan,turner98,outlook.com,98,1998,young
Joana,Zboncak,icloud.com,,,unsure
rachel,perez45,icloud.com,45,1945,old
Giovanni,Tremblay60,aol.com,60,1960,old
megan,wilson21,hotmail.com,21,2021,young
rebecca,bryant,protonmail.com,,,unsure
Neal,McGlynn,gmail.com,,,unsure
rachel11,flare,icloud.com,11,2011,young
david,roberts81,gmail.com,81,1981,medium
Mekhi60,Mekhi60,icloud.com,60,1960,old
Evan93,Evan93,yahoo.com,93,1993,medium
rachel,bailey1723,gmail.com,1723,,unsure
hannah,8764hill,icloud.com,8764,,unsure
sophia,jones03,gmail.com,03,2003,young
elizabeth,roberts,hotmail.com,,,unsure
Susan13,Susan13,tutanota.com,13,2013,young
sarah,carter,yahoo,,,unsure
madeline,ross05,aol.com,05,2005,young
victoria,james2005,gmail.com,2005,2005,young
Jaclyn,Cole,gmail.com,,,unsure
Shawn,Rowe58,tutanota.com,58,1958,old
logan,wright2003,gmail.com,2003,2003,young
thomas,jones,hotmail.com,,,unsure
emma76,flash,gmail.com,76,1976,medium
nathan,martin2003,gmail.com,2003,2003,young
Adaline,Mills,gmail.com,,,unsure
Zoie73,Zoie73,outlook.com,73,1973,old
jacob,green2005,yahoo.com,2005,2005,young
sophia,adams,yahoo.com,,,unsure
samuel,morgan,gmail.com,,,unsure
matthew,adams,protonmail.com,,,unsure
Zita,Herman35,outlook.com,35,1935,old
Darrel,Roberts15,protonmail.com,15,2015,young
Nathen,Boehm,protonmail.com,,,unsure
lily,thompson57,aol.com,57,1957,old
noah5563,noah5563,yahoo.com,5563,,unsure
adam,henderson32,gmail.com,32,1932,old
andrew36,burn,hotmail.com,36,1936,old
Jayden48,Jayden48,mail.com,48,1948,old
Patrick,Johnston,aol.com,,,unsure
Julien,Mayert51,aol.com,51,1951,old
matthew,baker,hotmail.com,,,unsure
Sofia64,Sofia64,mail.com,64,1964,old
Meredith,Hansen,gmail.com,,,unsure
2003,white,organization.org,2003,2003,young
amanda,king99,hotmail.com,99,1999,young
Nora,Turcotte,icloud.com,,,unsure
Hailee,Kuhic58,aol.com,58,1958,old
daniel,taylor88,outlook.com,88,1988,medium
Melody,OReilly32,tutanota.com,32,1932,old
paul,baker,aol.com,,,unsure
Frank,Herzog,tutanota.com,,,unsure
michael,johnson,college.edu,93,1993,medium
james21,shine,gmail.com,21,2021,young
madeline,ross05,aol.com,05,2005,young
Pansy17,Pansy17,protonmail.com,17,2017,young
amanda,williams12356,icloud.com,12356,,unsure
stephen,morris,yahoo,,,unsure
david,clark,protonmail.com,,,unsure
caleb,phillips67,icloud.com,67,1967,old
1987,s,gmail.com,1987,1987,medium
margaret,anderson1782,gmail.com,1782,,unsure
matthew,lewis,gmail.com,,,unsure
Carlie,Conroy,aol.com,,,unsure
claire81,flicker,yahoo.com,81,1981,medium
joshua,bell00,gmail.com,00,2000,young
mason,watson04,hotmail.com,04,2004,young
victoria,kelly2003,protonmail.com,2003,2003,young
jason,barnes90,gmail.com,90,1990,medium
simon,peters,hotmail.com,,,unsure
martha,young1792,gmail.com,1792,,unsure
Nikolas54,Nikolas54,outlook.com,54,1954,old
caleb78,bright,icloud.com,78,1978,medium
james,jones10000,gmail.com,10000,,unsure
Carroll,Armstrong92,mail.com,92,1992,medium
Annabelle,Schaden-Jakubowski82,icloud.com,82,1982,medium
mary,james,icloud.com,,,unsure
megan,wilson4321,hotmail.com,4321,,unsure
emily,91,mail.service.com,91,1991,medium
Kaleigh72,Kaleigh72,mail.com,72,1972,old
Jed,Gutmann-Heidenreich18,protonmail.com,18,2018,young
james,jones00,gmail.com,00,2000,young
tyler,hayes1986,gmail.com,1986,1986,medium
thomas,hall,gmail,,,unsure
Claudia,Osinski-Pollich46,gmail.com,46,1946,old
john,smith,gmail,,,unsure
andrew,james64,hotmail.com,64,1964,old
logan,1095johnson,outlook.com,1095,,unsure
Rhea,Gislason63,mail.com,63,1963,old
Gerson,Feest71,gmail.com,71,1971,old
carter,james99,hotmail.com,99,1999,young
Cali,Zieme24,aol.com,24,2024,young
joseph,adams,gmail,,,unsure
lily,thompson5678,aol.com,5678,,unsure
Julianne,Larkin39,yahoo.com,39,1939,old
daniel,clark,icloud,,,unsure
stephanie,2002clark,gmail.com,2002,2002,young
laura,baker45,icloud.com,45,1945,old
robert23,spark,protonmail.com,23,2023,young
Jewell,Stark,aol.com,,,unsure
Shyann,Herzog14,aol.com,14,2014,young
megan,patel1994,gmail.com,1994,1994,medium
ethan,bell1988,gmail.com,1988,1988,medium
ryan,watson2001,hotmail.com,2001,2001,young
christopher89,bell,sub.company.com,89,1989,medium
Shaniya11,Shaniya11,gmail.com,11,2011,young
Aurore29,Aurore29,tutanota.com,29,,unsure
matthew,hill1802,gmail.com,1802,,unsure
Jordi,Aufderhar56,gmail.com,56,1956,old
caleb,phillips67,icloud.com,67,1967,old
tyler,hayes86,gmail.com,86,1986,medium
Cayla82,Cayla82,tutanota.com,82,1982,medium
zoe,bryant43219,aol.com,43219,,unsure
Heaven8,Heaven8,yahoo.com,8,,unsure
Tyler,Walter,gmail.com,,,unsure
ryan,watson01,hotmail.com,01,2001,young
david,2000,aol.com,2000,2000,young
margaret,harris,outlookcom,,,unsure
Johnpaul,Robel68,tutanota.com,68,1968,old
alice,brown,company.co.uk,3890,,unsure
hailey,price1239,protonmail.com,1239,,unsure
rachel,evans2006,gmail.com,2006,2006,young
chris,lee8769,hotmail.com,8769,,unsure
Napoleon,Braun,protonmail.com,,,unsure
olivia24,flash,gmail.com,24,2024,young
michael,wilson,aolcom,,,unsure
mary,bryant,outlook.com,,,unsure
Dangelo,Gorczany30,aol.com,30,1930,old
Gianni72,Gianni72,outlook.com,72,1972,old
henry,thomas1693,gmail.com,1693,,unsure
lucy,green1749,gmail.com,1749,,unsure
david,thomas,gmail.com,,,unsure
anna,hall87,yahoo.com,87,1987,medium
Dejuan,Herzog47,icloud.com,47,1947,old
olivia,smith999,yahoo.com,999,,unsure
Alanna,Connelly84,outlook.com,84,1984,medium
Queenie55,Queenie55,gmail.com,55,1955,old
mary,miller,gmail,,,unsure
hailey,sanders67,gmail.com,67,1967,old
joshua,carter1980,gmail.com,1980,1980,medium
james,walker,outlook.com,,,unsure
Cassandra,Flatley54,gmail.com,54,1954,old
william,green,aol.com,,,unsure
sarah,miller,protonmailcom,,,unsure
nathan,brooks,icloud.com,,,unsure
Delphine8,Delphine8,tutanota.com,8,,unsure
Adela,Mertz,mail.com,,,unsure
alexis,cooper92,gmail.com,92,1992,medium
jason,brown1985,gmail.com,1985,1985,medium
daniel,phillips,hotmail,,,unsure
amelia,simmons,yahoo.com,,,unsure
Jonatan,Kassulke,gmail.com,,,unsure
ben,4561doe,gmail.com,4561,,unsure
jason,barnes90,gmail.com,90,1990,medium
laura1990,davis,gmail.com,1990,1990,medium
Oleta44,Oleta44,protonmail.com,44,1944,old
olivia2003,clark,hotmail.com,2003,2003,young
anna1999,anna1999,outlook.com,1999,1999,young
rachel,perez45,icloud.com,45,1945,old
Juston81,Juston81,outlook.com,81,1981,medium
Percy92,Percy92,protonmail.com,92,1992,medium
Markus,Goldner41,gmail.com,41,1941,old
daniel,scott1980,outlook.com,1980,1980,medium
Adelle,Rolfson24,gmail.com,24,2024,young
daniel,wood,outlook..,,,unsure
catherine,allen,icloud.com,,,unsure
Janae99,Janae99,gmail.com,99,1999,young
edward,walker1756,gmail.com,1756,,unsure
laura88,smith,yahoo.com,88,1988,medium
susan,green,yahoo..com,,,unsure
Gerson,Larson99,gmail.com,99,1999,young
Marianna,Pfeffer,gmail.com,,,unsure
Zackery,Rippin91,gmail.com,91,1991,medium
Moshe,Hilpert,tutanota.com,,,unsure
eliza,jackson,hotmail.com,,,unsure
abigail,cook1992,gmail.com,1992,1992,medium
john,doe1990,sub.domain.com,1990,1990,medium
robert,white1990,gmail.com,1990,1990,medium
anna,anna,harris,,,unsure
sophia87,blaze,outlook.com,87,1987,medium
hannah,bryant,aol,,,unsure
kevin57,flame,outlook.com,57,1957,old
sophia,jones03,gmail.com,03,2003,young
hailey88,flame,protonmail.com,88,1988,medium
Julien80,Julien80,tutanota.com,80,1980,medium
Gretchen,Nikolaus33,gmail.com,33,1933,old
samuel,morgan,gmail,,,unsure
emily,smith2006,outlook.com,2006,2006,young
Olaf,Marks64,gmail.com,64,1964,old
peter,jackson,aol.com,,,unsure
simon,ward,protonmail.com,,,unsure
Buck,Mohr,gmail.com,,,unsure
Carolina,Zieme66,aol.com,66,1966,old
daniel1998,scott,outlook.com,1998,1998,young
zoe7548,anderson,protonmail.com,7548,,unsure
daniel,scott80,outlook.com,80,1980,medium
Frances,Zulauf,gmail.com,,,unsure
Percy92,Percy92,protonmail.com,92,1992,medium
hannah,james1741,gmail.com,1741,,unsure
chloe872,flare,gmail.com,872,,unsure
susan,young,gmail.com,,,unsure
dylan1990,richards,gmail.com,1990,1990,medium
andrew1994,turner,hotmail.com,1994,1994,medium
elijah,6230,gmail.com,6230,,unsure
mason,watson2004,hotmail.com,2004,2004,young
Bertha,Vandervort54,outlook.com,54,1954,old
daniel,king1998,gmail.com,1998,1998,young
Kamryn59,Kamryn59,icloud.com,59,1959,old
Maud,Satterfield,gmail.com,,,unsure
emma,walker,icloud.com,,,unsure
mary,jones,outlook.com,,,unsure
nancy,baker,outlook.com,,,unsure
daniel,taylor1988,outlook.com,1988,1988,medium
Nestor,Hahn52,gmail.com,52,1952,old
sophia,brown1684,gmail.com,1684,,unsure
Joel32,Joel32,outlook.com,32,1932,old
Domenic,Hudson95,gmail.com,95,1995,young
david2097,david2097,hotmail.com,2097,,unsure
Lamont37,Lamont37,gmail.com,37,1937,old
ethan,white02,protonmail.com,02,2002,young
Cheyanne,Rippin,aol.com,,,unsure
Darrel,Roberts15,protonmail.com,15,2015,young
henry,jackson,,,,unsure
edward,king,protonmail.com,,,unsure
nathan,martin04,gmail.com,04,2004,young
daniel,wood,outlook.com,,,unsure
Sunny,Nader,yahoo.com,,,unsure
Erling,Runolfsdottir,outlook.com,,,unsure
adam2004,henderson,gmail.com,2004,2004,young
alice,bell,hotmail.com,,,unsure
ethan,hughes1001,protonmail.com,1001,,unsure
lily3456,lily3456,protonmail.com,3456,,unsure
Reggie,Greenholt34,gmail.com,34,1934,old
laura,james,gmail,,,unsure
lucy,adams,protonmail..com,,,unsure
Blanche44,Blanche44,outlook.com,44,1944,old
eliza,thomas,outlook.com,,,unsure
Linnie78,Linnie78,mail.com,78,1978,medium
john,smith,yahoo.com,,,unsure
joseph,green,hotmailcom,,,unsure
david,young,icloud.com,,,unsure
adam,henderson32,gmail.com,32,1932,old
Carolanne33,Carolanne33,aol.com,33,1933,old
ethan,9931,gmail.com,9931,,unsure
Monserrat,Kautzer,gmail.com,,,unsure
james,clark,yahoo,,,unsure
Lysanne,Cormier,aol.com,,,unsure
simon,murphy1687,gmail.com,1687,,unsure
Selmer35,Selmer35,aol.com,35,1935,old
Evalyn,Lehner0,yahoo.com,0,,unsure
zoe,bryant19,aol.com,19,2019,young
Marta,Sanford93,tutanota.com,93,1993,medium
jason99,lee,gmail.com,99,1999,young
patrick,morgan,hotmailcom,,,unsure
lily64,gleam,yahoo.com,64,1964,old
Catalina,Grady5,tutanota.com,5,,unsure
william,william,johnson,,,unsure
Jeramie,Denesik98,yahoo.com,98,1998,young
Jaiden60,Jaiden60,gmail.com,60,1960,old
Marilyne,Crist,mail.com,,,unsure
james,wright,gmail.com,,,unsure
nathan31,flare,aol.com,31,1931,old
Rachelle,Hane97,mail.com,97,1997,young
Reba,Robel62,mail.com,62,1962,old
emily,smith06,outlook.com,06,2006,young
Stephania,Fisher91,gmail.com,91,1991,medium
Stanton,Turcotte,aol.com,,,unsure
lucy,brown,yahoo.com,,,unsure
Kasandra,Mayert56,aol.com,56,1956,old
Amira4,Amira4,yahoo.com,4,,unsure
sarah,wright1717,gmail.com,1717,,unsure
catherine,davis,hotmail.com,,,unsure
jacob,green05,yahoo.com,05,2005,young
Connie,Haley,gmail.com,,,unsure
Asia,Stark26,protonmail.com,26,,unsure
Camille36,Camille36,aol.com,36,1936,old
paul,cook,icloud.com,,,unsure
catherine,davis,gmailcom,,,unsure
Jammie,Hartmann50,icloud.com,50,1950,old
ethan1995,white,yahoo.com,1995,1995,young
Florida14,Florida14,gmail.com,14,2014,young
Wiley75,Wiley75,aol.com,75,1975,medium
Saige,Conroy-Raynor62,gmail.com,62,1962,old
Winona89,Winona89,outlook.com,89,1989,medium
olivia,brown2001,yahoo.com,2001,2001,young
Cecilia,Gottlieb,yahoo.com,,,unsure
eliza,howard,gmail.com,,,unsure
Quincy,Mayert,aol.com,,,unsure
victoria,carter84,yahoo.com,84,1984,medium
Santina,Stark68,protonmail.com,68,1968,old
hannah,thomas,outlook,,,unsure
sophia,scott1999,gmail.com,1999,1999,young
nancy,bryant1797,gmail.com,1797,,unsure
william,johnson,outlook.com,,,unsure
Freddie,Marvin,gmail.com,,,unsure
Douglas74,Douglas74,gmail.com,74,1974,old
Julio,Jaskolski,tutanota.com,,,unsure
emma,clark76,icloud.com,76,1976,medium
Eva35,Eva35,protonmail.com,35,1935,old
amanda,king99,hotmail.com,99,1999,young
Meredith,Stracke7,aol.com,7,,unsure
george,taylor1811,gmail.com,1811,,unsure
Anais,Hoppe15,mail.com,15,2015,young
Hertha,VonRueden,aol.com,,,unsure
carter1988,james,hotmail.com,1988,1988,medium
sarah,green89,icloud.com,89,1989,medium
Oran,Zemlak39,gmail.com,39,1939,old
logan,brooks87612,gmail.com,87612,,unsure
jessica,walker1993,gmail.com,1993,1993,medium
amanda,williams56,icloud.com,56,1956,old
Charity6,Charity6,protonmail.com,6,,unsure
Kiarra,Hand60,mail.com,60,1960,old
mark,1995johnson,outlook.com,1995,1995,young
elizabeth,thomas,outlook.com,,,unsure
james,jones,yahoo.com,,,unsure
3356,jane,gmail.com,3356,,unsure
daniel2001,martin,icloud.com,2001,2001,young
emma,king,icloud.com,,,unsure
Demario,Fisher47,mail.com,47,1947,old
rebecca,moore,icloud.com,,,unsure
Aglae64,Aglae64,protonmail.com,64,1964,old
stephen,morris,yahoo.com,,,unsure
Etha,Simonis,gmail.com,,,unsure
logan,brooks12,gmail.com,12,2012,young
Heber,Brakus50,tutanota.com,50,1950,old
mary,cook,outlook.com,,,unsure
lily,green2000,hotmail.com,2000,2000,young
sam,kelly7765,aol.com,7765,,unsure
dylan49,shine,gmail.com,49,1949,old
Birdie,Kuvalis89,outlook.com,89,1989,medium
mason,watson04,hotmail.com,04,2004,young
hailey,price39,protonmail.com,39,1939,old
sophia,brown,hotmail.com,,,unsure
2001,jane,gmail.com,2001,2001,young
Blanche,Predovic,yahoo.com,,,unsure
Loyal,Kuhic,gmail.com,,,unsure
jane,doe1989,gmail.com,1989,1989,medium
kevin,sanders89,gmail.com,89,1989,medium
rachel5551,b,outlook.com,5551,,unsure
henry,wright,protonmail.com,,,unsure
michael,cook,hotmail.com,,,unsure
Estelle80,Estelle80,yahoo.com,80,1980,medium
laura,walker,protonmail.com,,,unsure
emma,clark1234,icloud.com,1234,,unsure
mason,hayes2000,gmail.com,2000,2000,young
joshua1981,ward,gmail.com,1981,1981,medium
dorothy,gray,protonmailcom,,,unsure
Macey29,Macey29,gmail.com,29,,unsure
Faye,Carter81,icloud.com,81,1981,medium
Maxime,Brown93,mail.com,93,1993,medium
nathan,roberts1991,gmail.com,1991,1991,medium
laura,taylor1995,gmail.com,1995,1995,young
chris,harris2002,gmail.com,2002,2002,young
kevin,sanders1989,gmail.com,1989,1989,medium
Gerry,Fisher,protonmail.com,,,unsure
aiden,miller8974,gmail.com,8974,,unsure
daniel97,flare,outlook.com,97,1997,young
katherine,hill,outlook.com,,,unsure
william,miller,icloud.com,,,unsure
Gregorio,Gusikowski,gmail.com,,,unsure
David,Brakus7,mail.com,7,,unsure
andrew,baker1996,gmail.com,1996,1996,young
Kurtis,Towne,yahoo.com,,,unsure
Pietro2,Pietro2,mail.com,2,,unsure
madeline,ross2005,aol.com,2005,2005,young
david,mitchell,gmail.com,,,unsure
Oral,Lind28,gmail.com,28,,unsure
alex97,alex97,gmail.com,97,1997,young
Ima56,Ima56,aol.com,56,1956,old
john,jones,hotmail.com,,,unsure
robert,turner54,protonmail.com,54,1954,old
rebecca,evans,protonmail.com,,,unsure
Joanne,Hickle91,mail.com,91,1991,medium
arthur99,archi,gmail.com,99,1999,young
Elisha,Grant93,protonmail.com,93,1993,medium
adam,henderson5432,gmail.com,5432,,unsure
Murray,Waters,protonmail.com,,,unsure
robert2002,harris,protonmail.com,2002,2002,young
jason1985,davis,yahoo.com,1985,1985,medium
isaac,bell,outlook,,,unsure
Bonnie5,Bonnie5,gmail.com,5,,unsure
george,thomas,hotmail.com,,,unsure
alice,carter1653,gmail.com,1653,,unsure
catherine,allen,icloud..,,,unsure
sarah,smith2001,gmail.com,2001,2001,young
amanda,ward1999,gmail.com,1999,1999,young
mark,sanders1999,gmail.com,1999,1999,young
Emmet,Moen37,aol.com,37,1937,old
Rod,Ferry,mail.com,,,unsure
eliza,miller,outlook.com,,,unsure
kevin1988,morris,outlook.com,1988,1988,medium
claire1984,hall,yahoo.com,1984,1984,medium
rachel,murphy,aolcom,,,unsure
Genevieve,Sawayn-Kunde79,gmail.com,79,1979,medium
patrick,morgan,hotmail.com,,,unsure
sophia1999,adams,outlook.com,1999,1999,young
matthew,davis01,hotmail.com,01,2001,young
Rey,Weber44,gmail.com,44,1944,old
jessica45,blaze,gmail.com,45,1945,old
Aron42,Aron42,mail.com,42,1942,old
jacob,green05,yahoo.com,05,2005,young
Reva79,Reva79,gmail.com,79,1979,medium
olivia23,fire,hotmail.com,23,2023,young
9087,s,gmail.com,9087,,unsure
Faye,Rowe25,protonmail.com,25,,unsure
Freddy,Green,aol.com,,,unsure
Paula,Rogahn56,tutanota.com,56,1956,old
Hosea59,Hosea59,yahoo.com,59,1959,old
Myrtle,Hermiston60,yahoo.com,60,1960,old
emma1987,taylor,gmail.com,1987,1987,medium
Elta37,Elta37,protonmail.com,37,1937,old
Beth,Johnston94,gmail.com,94,1994,medium
rachel2006,wright,icloud.com,2006,2006,young
abigail1987,powell,yahoo.com,1987,1987,medium
Evie,Beier,protonmail.com,,,unsure
carter,james99,hotmail.com,99,1999,young
sarah,brown,yahoo.com,,,unsure
grace,roberts1705,gmail.com,1705,,unsure
james,lewis,protonmail,,,unsure
Glenda,Gleason,yahoo.com,,,unsure
katherine,foster1710,gmail.com,1710,,unsure
Octavia,Thiel,gmail.com,,,unsure
andrew,james7654,hotmail.com,7654,,unsure
Elwin80,Elwin80,icloud.com,80,1980,medium
Herta,Abernathy13,mail.com,13,2013,young
katie,thompson1981,gmail.com,1981,1981,medium
caleb,phillips34567,icloud.com,34567,,unsure
ryan33,blaze,hotmail.com,33,1933,old
elizabeth,miller1732,gmail.com,1732,,unsure
daniel,jackson,hotmail.com,,,unsure
Sister87,Sister87,icloud.com,87,1987,medium
tyler,hayes86,gmail.com,86,1986,medium
laura,davis,aol.com,,,unsure
Darrel,Roberts15,protonmail.com,15,2015,young
megan12,fire,aol.com,12,2012,young
olivia,johnson91,gmail.com,91,1991,medium
Clark,Hoppe14,icloud.com,14,2014,young
Rubye,Lebsack28,yahoo.com,28,,unsure
michael,johnson,gmail.com,,,unsure
benjamin,phillips,hotmailcom,,,unsure
olivia,johnson91,gmail.com,91,1991,medium
Talon,Stark79,icloud.com,79,1979,medium
victoria17,heat,protonmail.com,17,2017,young
andrew,clark88,gmail.com,88,1988,medium
Javonte,Bednar,tutanota.com,,,unsure
benjamin,mitchell1779,gmail.com,1779,,unsure
Bertha66,Bertha66,gmail.com,66,1966,old
Rubye,Lebsack28,yahoo.com,28,,unsure
margaret,smith,hotmail.com,,,unsure
Brook,Marks53,tutanota.com,53,1953,old
elizabeth,roberts,hotmailcom,,,unsure
rebecca,allen1771,gmail.com,1771,,unsure
john,lee1986,gmail.com,1986,1986,medium
logan19,glint,gmail.com,19,2019,young
Lyla,Jakubowski,gmail.com,,,unsure
Eva35,Eva35,protonmail.com,35,1935,old
Maddison62,Maddison62,aol.com,62,1962,old
abigail,powell56,yahoo.com,56,1956,old
james4672,blake,gmail.com,4672,,unsure
Fae,Ward80,yahoo.com,80,1980,medium
Tillman,Green44,icloud.com,44,1944,old
Hayley,Kohler49,protonmail.com,49,1949,old
joshua,bell00,gmail.com,00,2000,young
Wanda40,Wanda40,gmail.com,40,1940,old
jason1997,long,gmail.com,1997,1997,young
matthew,davis8765,hotmail.com,8765,,unsure
Alexane45,Alexane45,aol.com,45,1945,old
thomas,brown,protonmail.com,,,unsure
Hilario,Steuber,aol.com,,,unsure
Zackary29,Zackary29,gmail.com,29,,unsure
Kirk96,Kirk96,tutanota.com,96,1996,young
nathan,peters1808,gmail.com,1808,,unsure
Cesar74,Cesar74,gmail.com,74,1974,old
Krista59,Krista59,gmail.com,59,1959,old
sophia,jones2001,gmail.com,2001,2001,young
Minnie,Nitzsche48,yahoo.com,48,1948,old
william,johnson1799,gmail.com,1799,,unsure
ethan,lee2002,protonmail.com,2002,2002,young
Roger44,Roger44,gmail.com,44,1944,old
Marisol1,Marisol1,gmail.com,1,,unsure
lily,long85,yahoo.com,85,1985,medium
Terrance28,Terrance28,aol.com,28,,unsure
dylan,richards83,gmail.com,83,1983,medium
Cali,Bauch81,icloud.com,81,1981,medium
Shany,McLaughlin,tutanota.com,,,unsure
Adaline,Stamm83,gmail.com,83,1983,medium
robert,carter,hotmail.com,,,unsure
Frederique,Cronin45,gmail.com,45,1945,old
jason35,glint,gmail.com,35,1935,old
Ayden28,Ayden28,yahoo.com,28,,unsure
Barbara,Kub,tutanota.com,,,unsure
Estelle80,Estelle80,yahoo.com,80,1980,medium
david,phillips,outlook.com,,,unsure
m,williams1998,icloud.com,1998,1998,young
david,roberts1981,gmail.com,1981,1981,medium
lily1983,thompson,protonmail.com,1983,1983,medium
ryan1984,hughes,hotmail.com,1984,1984,medium
hailey,sanders4567,gmail.com,4567,,unsure
david,clark1983,gmail.com,1983,1983,medium
Oren,Rau,mail.com,,,unsure
Helena,Bartoletti,aol.com,,,unsure
patricia,bailey,yahoo.,,,unsure
george,scott,yahoo,,,unsure
Jaquelin,Hermann13,tutanota.com,13,2013,young
Joey,Gottlieb,aol.com,,,unsure
george,scott,yahoo.com,,,unsure
Devante,Deckow,gmail.com,,,unsure
Tom,Torp,gmail.com,,,unsure
daniel,clark,outlook.com,,,unsure
rebecca,scott,outlook,,,unsure
james,clark,protonmail.com,,,unsure
emma,watson,yahoo.com,,,unsure
Imelda,Kemmer,tutanota.com,,,unsure
caleb,powell1989,gmail.com,1989,1989,medium
samuel,6782clark,gmail.com,6782,,unsure
Jaren16,Jaren16,tutanota.com,16,2016,young
victoria,carter84,yahoo.com,84,1984,medium
emma,9010thompson,gmail.com,9010,,unsure
peter,ward,gmailcom,,,unsure
Fay,Kertzmann,mail.com,,,unsure
nancy,morris,yahoo.com,,,unsure
Jacques,Grady55,protonmail.com,55,1955,old
jessica,evans04,gmail.com,04,2004,young
laura,evans,gmail.com,,,unsure
samantha,jones1994,gmail.com,1994,1994,medium
jason42,light,yahoo.com,42,1942,old
Arlo8,Arlo8,outlook.com,8,,unsure
laura,baker45,icloud.com,45,1945,old
robert,jones,yahoo.com,,,unsure
oliver1123,oliver1123,gmail.com,1123,,unsure
laura,evans,icloud.com,,,unsure
anna,martin1997,gmail.com,1997,1997,young
Keara,Cartwright59,tutanota.com,59,1959,old
a,1996,gmail.com,1996,1996,young
Marshall,Upton32,mail.com,32,1932,old
adam59,blaze,gmail.com,59,1959,old
stephen,morris1764,gmail.com,1764,,unsure
joseph,adams,gmail.com,,,unsure
Gus,Schultz70,aol.com,70,1970,old
harry93,thomas,hotmail.com,93,1993,medium
jackson5431,thomas,hotmail.com,5431,,unsure
Ernest,Jacobson59,protonmail.com,59,1959,old
jacob89,light,gmail.com,89,1989,medium
laura,smith,icloud.com,,,unsure
richard,clark1674,gmail.com,1674,,unsure
hailey54,light,gmail.com,54,1954,old
william,moore,icloud,,,unsure
joseph,green,hotmail.com,,,unsure
isaac,bell,outlook.com,,,unsure
hailey2001,price,protonmail.com,2001,2001,young
patricia,morris1691,gmail.com,1691,,unsure
victoria42,heat,yahoo.com,42,1942,old
rebecca,thomas,hotmailcom,,,unsure
daniel99,spark,icloud.com,99,1999,young
Rubye,Jast-Hane17,icloud.com,17,2017,young
anthony,ward1825,gmail.com,1825,,unsure
robert,white1725,gmail.com,1725,,unsure
edward,king,protonmail,,,unsure
Demario,Fisher47,mail.com,47,1947,old
emily1998,smith,gmail.com,1998,1998,young
alexis,cooper1992,gmail.com,1992,1992,medium
rebecca,jones,icloud.com,,,unsure
susan,young,gmail.com,,,unsure
peter,clark,gmail.com,,,unsure
madeline,butler1996,gmail.com,1996,1996,young
charles,mitchell,icloud..com,,,unsure
david,young,icloud,,,unsure
Oran,Zemlak39,gmail.com,39,1939,old
Fae,Ward80,yahoo.com,80,1980,medium
Torrey,Luettgen,gmail.com,,,unsure
david,wilson98,outlook.com,98,1998,young
Gunner46,Gunner46,mail.com,46,1946,old
Gunner46,Gunner46,mail.com,46,1946,old
margaret,evans,yahoo.com,,,unsure
joseph,miller,gmail.com,,,unsure
daniel,taylor88,outlook.com,88,1988,medium
rebecca,clark,outlook.com,,,unsure
olivia1992,williams,gmail.com,1992,1992,medium
rachel,perez2345,icloud.com,2345,,unsure
Danny,Jacobson74,outlook.com,74,1974,old
simon,johnson,gmail.com,,,unsure
nathan,brooks,aol.com,,,unsure
michael,johnson,gmailcom,,,unsure
george,thomas,outlook.com,,,unsure
victoria,white92,hotmail.com,92,1992,medium
Orin,Fisher,tutanota.com,,,unsure
olivia,nelson2004,gmail.com,2004,2004,young
Kristian,Dickinson,aol.com,,,unsure
tyler63,flicker,gmail.com,63,1963,old
megan,wilson21,hotmail.com,21,2021,young
Deven57,Deven57,protonmail.com,57,1957,old
matthew1992,lee,gmail.com,1992,1992,medium
Kayden,Schmeler,aol.com,,,unsure
lily4321,w,yahoo.com,4321,,unsure
Ross,Rutherford,tutanota.com,,,unsure
liam2573,liam2573,gmail.com,2573,,unsure
hannah,adams,gmail.com,,,unsure
julia,doe4321,sub.domain.com,4321,,unsure
Reyes,Ondricka,mail.com,,,unsure
Moses90,Moses90,mail.com,90,1990,medium
Nathen,Boehm,protonmail.com,,,unsure
lily,kelly1986,gmail.com,1986,1986,medium
john2001,john2001,gmail.com,2001,2001,young
Zora,Goodwin,outlook.com,,,unsure
emma,king,icloud,,,unsure
amanda2003,watson,icloud.com,2003,2003,young
Francesco,DAmore-Purdy45,gmail.com,45,1945,old
Domenico,Jacobs35,gmail.com,35,1935,old
Shaun,Wisoky-Lockman23,protonmail.com,23,2023,young
ethan2000,sanders,protonmail.com,2000,2000,young
ethan,hughes01,protonmail.com,01,2001,young
george,johnson,aol.com,,,unsure
sarah,wilson,gmail.com,,,unsure
jason,barnes87690,gmail.com,87690,,unsure
laura,howard1753,gmail.com,1753,,unsure
susan,cook,yahoo.com,,,unsure
Toney,Leffler87,yahoo.com,87,1987,medium
ethan,white2002,protonmail.com,2002,2002,young
megan1993,scott,aol.com,1993,1993,medium
Tre,Rau96,tutanota.com,96,1996,young
jacob,hall1985,gmail.com,1985,1985,medium
Johann,Gleason20,aol.com,20,2020,young
Eva35,Eva35,protonmail.com,35,1935,old
eliza,howard,gmailcom,,,unsure
chris1991,walker,gmail.com,1991,1991,medium
amanda,king1999,hotmail.com,1999,1999,young
rachel,murphy,aol.com,,,unsure
james,brown1985,gmail.com,1985,1985,medium
Renee,Bradtke,tutanota.com,,,unsure
olivia,smith99991,yahoo.com,99991,,unsure
Victoria,Jast,gmail.com,,,unsure
madison90,flash,outlook.com,90,1990,medium
Nicolette82,Nicolette82,protonmail.com,82,1982,medium
charles,charles,davis,,,unsure
grace,wilson4501,gmail.com,4501,,unsure
Helmer,Lockman72,yahoo.com,72,1972,old
Kevon93,Kevon93,yahoo.com,93,1993,medium
laura,foster,icloud.com,,,unsure
Birdie,Kuvalis89,outlook.com,89,1989,medium
olivia,smith999,yahoo.com,999,,unsure
Elias47,Elias47,aol.com,47,1947,old
laura,baker12345,icloud.com,12345,,unsure
logan2005,bryant,outlook.com,2005,2005,young
Zaria,Ebert-Glover38,aol.com,38,1938,old
mason1999,watson,hotmail.com,1999,1999,young
james,morgan,icloud.com,,,unsure
samantha,miller96,gmail.com,96,1996,young
Gaston,Schuppe-Ryan,protonmail.com,,,unsure
nathan2000,patel,aol.com,2000,2000,young
Helena,Bartoletti,aol.com,,,unsure
carter,hughes2002,gmail.com,2002,2002,young
Ransom,Turcotte-Heaney97,gmail.com,97,1997,young
susan,green,yahoo.com,,,unsure
george,baker,hotmail.com,,,unsure
david,mitchell,gmail,,,unsure
logan1982,brooks,gmail.com,1982,1982,medium
george,harris,yahoo.com,,,unsure
hannah,adams,gmail,,,unsure
william,moore,outlook.com,,,unsure
t,jones1997,hotmail.com,1997,1997,young
benjamin,johnson,college.edu,1782,,unsure
emily56,gleam,outlook.com,56,1956,old
sophia,wilson,yahoo.com,,,unsure
Leonardo,Osinski,gmail.com,,,unsure
joseph,clark,outlook.com,,,unsure
Barry,Hahn64,icloud.com,64,1964,old
anthony,evans,protonmail.com,,,unsure
sophia,3452,gmail.com,3452,,unsure
hannah,bryant,aol.com,,,unsure
Brandt20,Brandt20,icloud.com,20,2020,young
emily2000,smith,outlook.com,2000,2000,young
thomas,hall1688,gmail.com,1688,,unsure
hailey,price39,protonmail.com,39,1939,old
Owen,Kutch,aol.com,,,unsure
sophia,evans,yahoo.com,,,unsure
amelia,hughes,outlook.com,,,unsure
victoria,kelly03,protonmail.com,03,2003,young
Bobbie,Bins,yahoo.com,,,unsure
mary,miller,gmail.com,,,unsure
Birdie,Lesch85,gmail.com,85,1985,medium
alexis,perez1989,gmail.com,1989,1989,medium
ethan89,fire,protonmail.com,89,1989,medium
Lexi,Jerde,protonmail.com,,,unsure
laura,james,gmail.com,,,unsure
lily,long1985,yahoo.com,1985,1985,medium
jane,baker1728,gmail.com,1728,,unsure
rachel1995,w,yahoo.com,1995,1995,young
kelly,brown93,protonmail.com,93,1993,medium
Xander,Johns95,protonmail.com,95,1995,young
james,jones00,gmail.com,00,2000,young
olivia1230,lee,gmail.com,1230,,unsure
laura,anderson,icloud.com,,,unsure
matthew58,glow,gmail.com,58,1958,old
Carroll,Armstrong92,mail.com,92,1992,medium
emily,smith94,gmail.com,94,1994,medium
Ewell,Donnelly45,aol.com,45,1945,old
Maya,Hilll,gmail.com,,,unsure
anthony,evans,protonmail,,,unsure
ethan,hughes01,protonmail.com,01,2001,young
Nathen,Boehm,protonmail.com,,,unsure
Conor,OKeefe,outlook.com,,,unsure
matthew,davis01,hotmail.com,01,2001,young
jason,brown85,gmail.com,85,1985,medium
sophia,evans,yahoo,,,unsure
mark,wilson4500,yahoo.com,4500,,unsure
Lonnie,Kulas,gmail.com,,,unsure
joseph,scott1736,gmail.com,1736,,unsure
Renee,Simonis23,tutanota.com,23,2023,young
amelia,gray1746,gmail.com,1746,,unsure
victoria,morris1990,gmail.com,1990,1990,medium
victoria,kelly03,protonmail.com,03,2003,young
Gardner0,Gardner0,gmail.com,0,,unsure
carter,james9999,hotmail.com,9999,,unsure
lucy,hill,yahoo.com,,,unsure
joshua99,bright,gmail.com,99,1999,young
Howell73,Howell73,tutanota.com,73,1973,old
nathan,jones,protonmail.com,,,unsure
elizabeth,walker,protonmail.com,,,unsure
peter,smith,aol.com,,,unsure
Nayeli,Schinner16,protonmail.com,16,2016,young
Genevieve,Sawayn-Kunde79,gmail.com,79,1979,medium
chris,lee69,hotmail.com,69,1969,old
Hilario,Steuber,aol.com,,,unsure
Maude,Donnelly,protonmail.com,,,unsure
ella8901,ella8901,protonmail.com,8901,,unsure
Willie,Lemke5,gmail.com,5,,unsure
Cayla83,Cayla83,tutanota.com,83,1983,medium
sophia,james91,gmail.com,91,1991,medium
Anissa49,Anissa49,aol.com,49,1949,old
logan,brooks12,gmail.com,12,2012,young
andrew,james64,hotmail.com,64,1964,old
logan,turner98,outlook.com,98,1998,young
nathan,anderson,gmail.com,,,unsure
Deon29,Deon29,outlook.com,29,,unsure
Delaney,Krajcik,aol.com,,,unsure
emma,clark76,icloud.com,76,1976,medium
abigail32,light,yahoo.com,32,1932,old
grace,hughes,hotmailcom,,,unsure
claire,mitchell2005,gmail.com,2005,2005,young
amanda61,spark,icloud.com,61,1961,old
robert,clark,outlook.com,,,unsure
lily1985,butler,yahoo.com,1985,1985,medium
Corrine84,Corrine84,gmail.com,84,1984,medium
john,anderson,protonmail.com,,,unsure
Raina14,Raina14,tutanota.com,14,2014,young
sarah,carter,yahoo.com,,,unsure
henry,wright,protonmailcom,,,unsure
sarah,miller,protonmail.com,,,unsure
margaret,bell,protonmail.com,,,unsure
karen,hall2003,gmail.com,2003,2003,young
Marian,Morar,aol.com,,,unsure
samantha,miller96,gmail.com,96,1996,young
Tabitha,Lubowitz94,outlook.com,94,1994,medium
victoria2002,kelly,protonmail.com,2002,2002,young
simon,harris,aol.com,,,unsure
Melyna15,Melyna15,aol.com,15,2015,young
Kelly,Hammes,tutanota.com,,,unsure
michael,wilson,protonmail.com,,,unsure
elizabeth,moore,yahoo.com,,,unsure
patrick,bell1773,gmail.com,1773,,unsure
kathy2000,b,outlook.com,2000,2000,young
matthew,green1984,gmail.com,1984,1984,medium
lily49,bright,protonmail.com,49,1949,old
claire,watson1998,gmail.com,1998,1998,young
Orlo67,Orlo67,tutanota.com,67,1967,old
madison,butler89,outlook.com,89,1989,medium
isabella4329,isabella4329,hotmail.com,4329,,unsure
sarah,miller2000,gmail.com,2000,2000,young
dylan,sanders1984,gmail.com,1984,1984,medium
hannah,smith,protonmail.com,,,unsure
Kallie,Schuppe,aol.com,,,unsure
madison,butler6789,outlook.com,6789,,unsure
Jacquelyn21,Jacquelyn21,aol.com,21,2021,young
Demetrius,Kris,outlook.com,,,unsure
dorothy,gray,protonmail.com,,,unsure
catherine,jones,aol.com,,,unsure
nathan,moore,icloud.com,,,unsure
Jonas,Bruen9,gmail.com,9,,unsure
claire,harris87,outlook.com,87,1987,medium
henry1234,smith,outlook.com,1234,,unsure
lucy,adams,icloud.com,,,unsure
laura38,glint,gmail.com,38,1938,old
Viviane,Schimmel33,gmail.com,33,1933,old
Marilou,Koepp55,mail.com,55,1955,old
Liliana,Hoppe25,tutanota.com,25,,unsure
madison,henderson1981,gmail.com,1981,1981,medium
alexis,cooper92,gmail.com,92,1992,medium
paul,simmons1761,gmail.com,1761,,unsure
ryan,watson01,hotmail.com,01,2001,young
margaret,anderson,hotmail.com,,,unsure
Bonnie5,Bonnie5,gmail.com,5,,unsure
jessica1997,evans,gmail.com,1997,1997,young
nathan,martin04,gmail.com,04,2004,young
charles,davis1776,gmail.com,1776,,unsure
john,1987doe,gmail.com,1987,1987,medium
matthew,adams85,icloud.com,85,1985,medium
william,wright,outlook.com,,,unsure
Torrey19,Torrey19,mail.com,19,2019,young
Al10,Al10,protonmail.com,10,2010,young
laura,brown,company.co.uk,1992,1992,medium
samuel,evans1730,gmail.com,1730,,unsure
Madalyn,Schroeder66,outlook.com,66,1966,old
daniel,phillips,hotmail.com,,,unsure
Evan93,Evan93,yahoo.com,93,1993,medium
Kadin,Kutch,aol.com,,,unsure
Claud,Boyle81,aol.com,81,1981,medium
Wanda74,Wanda74,outlook.com,74,1974,old
anna,hall87,yahoo.com,87,1987,medium
paul,davis,yahoo.com,,,unsure
john,anderson,protonmail.com,,,unsure
Rosario,Jaskolski94,protonmail.com,94,1994,medium
kevin,sanders89,gmail.com,89,1989,medium
Gerald,Carroll68,mail.com,68,1968,old
jason,brown85,gmail.com,85,1985,medium
nicholas,phillips1982,gmail.com,1982,1982,medium
Antwon,Harvey,protonmail.com,,,unsure
tom,6543,mail.service.com,6543,,unsure
anna65,burn,hotmail.com,65,1965,old
Arnold12,Arnold12,tutanota.com,12,2012,young
michael,davis1988,gmail.com,1988,1988,medium
robert,carter,hotmailcom,,,unsure
victoria1998,carter,yahoo.com,1998,1998,young
emma,watson1821,gmail.com,1821,,unsure
jasmine,ross2004,gmail.com,2004,2004,young
james,clark,yahoo.com,,,unsure
1994,jones,icloud.com,1994,1994,medium
ethan27,heat,yahoo.com,27,,unsure
Eldora,Simonis,tutanota.com,,,unsure
catherine,davis,gmail.com,,,unsure
mason74,fire,hotmail.com,74,1974,old
david2005,king,hotmail.com,2005,2005,young
Christina23,Christina23,protonmail.com,23,2023,young
emily,jones1992,gmail.com,1992,1992,medium
chris,lee69,hotmail.com,69,1969,old
Verlie53,Verlie53,gmail.com,53,1953,old
Kurt72,Kurt72,yahoo.com,72,1972,old
abigail,powell3456,yahoo.com,3456,,unsure
luke2003,luke2003,protonmail.com,2003,2003,young
ryan,williams2001,gmail.com,2001,2001,young
william,moore,icloud.com,,,unsure
margaret,davis,outlook.com,,,unsure
Dillan52,Dillan52,icloud.com,52,1952,old
Lauren,Waelchi41,gmail.com,41,1941,old
Tanya,Watsica,gmail.com,,,unsure
anna2004,jones,hotmail.com,2004,2004,young
jacob1986,baker,gmail.com,1986,1986,medium
amanda1989,roberts,hotmail.com,1989,1989,medium
katherine,hill,outlook..,,,unsure
william,morris,icloud.com,,,unsure
emma,adams2000,gmail.com,2000,2000,young
charles,wilson,aol.com,,,unsure
Rhoda67,Rhoda67,gmail.com,67,1967,old
Hollis96,Hollis96,gmail.com,96,1996,young
Alvah,Carter,tutanota.com,,,unsure
hannah,baker,yahoo.com,,,unsure
Jackson,Kuhic41,protonmail.com,41,1941,old
lucas7812,lucas7812,outlook.com,7812,,unsure
robert,walker,aolcom,,,unsure
mary,cook,outlook,,,unsure
dylan,richards83,gmail.com,83,1983,medium
abigail,powell56,yahoo.com,56,1956,old
Delilah,Bernier-Wintheiser,yahoo.com,,,unsure
Aida,Hermiston,outlook.com,,,unsure
hailey,bryant1983,gmail.com,1983,1983,medium
Alphonso,Schowalter51,gmail.com,51,1951,old
adam,price1987,gmail.com,1987,1987,medium
paul,cook,icloud,,,unsure
l,green2001,protonmail.com,2001,2001,young
Willis17,Willis17,gmail.com,17,2017,young
Alexane45,Alexane45,aol.com,45,1945,old
Jermain,Dach61,gmail.com,61,1961,old
Dorris,Lueilwitz,tutanota.com,,,unsure
Hassan,OReilly23,outlook.com,23,2023,young
alexis1993,cooper,gmail.com,1993,1993,medium
Soledad,Daniel75,gmail.com,75,1975,medium
dorothy,phillips1784,gmail.com,1784,,unsure
betty,1994hill,icloud.com,1994,1994,medium
mary,bryant,outlookcom,,,unsure
anna,harris1829,gmail.com,1829,,unsure
emma,jones,gmail.com,,,unsure
5432,jones,icloud.com,5432,,unsure
Fae71,Fae71,tutanota.com,71,1971,old
margaret,harris,outlook.com,,,unsure
mason9904,mason9904,icloud.com,9904,,unsure
james,wilson1805,gmail.com,1805,,unsure
Delilah,Bernier-Wintheiser,yahoo.com,,,unsure
nathan,jones,protonmail,,,unsure
alice,evans,icloud.com,,,unsure
george,green,hotmail.com,,,unsure
olivia,johnson1991,gmail.com,1991,1991,medium
Percy92,Percy92,protonmail.com,92,1992,medium
lee,michael1989,yahoo.com,1989,1989,medium
charles,davis,aol.com,,,unsure
Jayson,Kohler,tutanota.com,,,unsure
Arlene,Kuphal,protonmail.com,,,unsure
chris,roberts96,gmail.com,96,1996,young
claire,harris87,outlook.com,87,1987,medium
anna,hall1987,yahoo.com,1987,1987,medium
logan95,flicker,outlook.com,95,1995,young
nancy,baker,outlook..com,,,unsure
susan,jackson1768,gmail.com,1768,,unsure
mary,moore1657,gmail.com,1657,,unsure
catherine,lewis1815,gmail.com,1815,,unsure
kelly1997,kelly1997,yahoo.com,1997,1997,young
johnson,michael90,yahoo.com,90,1990,medium
Annabell20,Annabell20,tutanota.com,20,2020,young
daniel,scott80,outlook.com,80,1980,medium
Breanne74,Breanne74,gmail.com,74,1974,old
Herminia,Brekke,gmail.com,,,unsure
william1988,smith,outlook.com,1988,1988,medium
Nikolas54,Nikolas54,outlook.com,54,1954,old
samantha,miller1996,gmail.com,1996,1996,young
sophia,anderson,protonmail.com,,,unsure
Harvey,Ullrich,tutanota.com,,,unsure
hannah,phillips,hotmail.com,,,unsure
Amber,Bogisich21,gmail.com,21,2021,young
jessica,evans2004,gmail.com,2004,2004,young
Destini63,Destini63,tutanota.com,63,1963,old
james,lewis,protonmail.com,,,unsure
samantha14,gleam,icloud.com,14,2014,young
Dario,Hilpert,gmail.com,,,unsure
mary,bell,icloud.com,,,unsure
Carolina,Hoppe80,gmail.com,80,1980,medium
tyler,long1993,gmail.com,1993,1993,medium
nancy,morris,yahoo,,,unsure
andrew,adams1790,gmail.com,1790,,unsure
britney2002,britney2002,icloud.com,2002,2002,young
Sierra43,Sierra43,outlook.com,43,1943,old
hannah,thomas,outlook.com,,,unsure
john,smith1750,gmail.com,1750,,unsure
peter,morgan1669,gmail.com,1669,,unsure
charles,green,hotmail.com,,,unsure
isaac,hughes1658,gmail.com,1658,,unsure
robert,turner54,protonmail.com,54,1954,old
Matt,Lesch87,aol.com,87,1987,medium
andrew97,flame,gmail.com,97,1997,young
Odie,Greenholt69,aol.com,69,1969,old
patricia,bailey,yahoo.com,,,unsure
zoe,bryant19,aol.com,19,2019,young
ethan,white02,protonmail.com,02,2002,young
michael,adams,gmail.com,,,unsure
Hertha,VonRueden,aol.com,,,unsure
ryan,cooper2001,gmail.com,2001,2001,young
simon,adams,gmail.com,,,unsure
Mathilde2,Mathilde2,gmail.com,2,,unsure
jason,lee77,yahoo.com,77,1977,medium
Jedidiah,Glover9,gmail.com,9,,unsure
nathan,brown,icloud.com,,,unsure
madison,butler89,outlook.com,89,1989,medium
Roel37,Roel37,yahoo.com,37,1937,old
laura,walker,protonmailcom,,,unsure
Marianna,Pfeffer,gmail.com,,,unsure
Soledad,Rau76,protonmail.com,76,1976,medium
Chanelle71,Chanelle71,outlook.com,71,1971,old
lily,thompson57,aol.com,57,1957,old
kevin,brooks1997,gmail.com,1997,1997,young
Reymundo,Bayer93,aol.com,93,1993,medium
Alfonzo,Hermiston72,yahoo.com,72,1972,old
mia,smith7890,gmail.com,7890,,unsure
zoe27,flame,aol.com,27,,unsure
dylan,richards1983,gmail.com,1983,1983,medium
Aiden81,Aiden81,gmail.com,81,1981,medium
hailey,sanders67,gmail.com,67,1967,old
chris92,shine,gmail.com,92,1992,medium
michael1998,michael1998,hotmail.com,1998,1998,young
matthew,roberts,protonmail,,,unsure
Bobbie,Bins,yahoo.com,,,unsure
Beatrice,Block,tutanota.com,,,unsure
robert,turner87654,protonmail.com,87654,,unsure
Romaine79,Romaine79,outlook.com,79,1979,medium
sophia,roberts,protonmail.com,,,unsure
Thea65,Thea65,yahoo.com,65,1965,old
david,king1810,gmail.com,1810,,unsure
Vidal,Wintheiser,gmail.com,,,unsure
Korey39,Korey39,icloud.com,39,1939,old
Sierra43,Sierra43,outlook.com,43,1943,old
charles,mitchell,icloud.com,,,unsure
amanda,williams56,icloud.com,56,1956,old
margaret,margaret,anderson,,,unsure
Guadalupe,Schiller-Renner79,gmail.com,79,1979,medium
ava,6657,aol.com,6657,,unsure
Daphney91,Daphney91,gmail.com,91,1991,medium
Ross5,Ross5,gmail.com,5,,unsure
henry,jackson,yahoo.com,,,unsure
Earl72,Earl72,aol.com,72,1972,old
tyler1995,hayes,gmail.com,1995,1995,young
Darrion,Corkery,gmail.com,,,unsure
Lyla,Frami20,yahoo.com,20,2020,young
Greg,Friesen,yahoo.com,,,unsure
simon,peters,hotmailcom,,,unsure
joshua,bell2000,gmail.com,2000,2000,young
Ruthe,Toy,tutanota.com,,,unsure
martha,wright,yahoo.com,,,unsure
daniel,cook1817,gmail.com,1817,,unsure
Giovani,Bechtelar,gmail.com,,,unsure
madeline25,spark,aol.com,25,,unsure
grace,hughes,hotmail.com,,,unsure
grace92,anderson,protonmail.com,92,1992,medium
Marshall,Upton32,mail.com,32,1932,old
caleb1996,phillips,icloud.com,1996,1996,young
Floyd,Lueilwitz,tutanota.com,,,unsure
